2025-08-23 00:02:23.108  INFO 25016 --- [main] c.y.f.FootballersmarketApplication       : Starting FootballersmarketApplication using Java 12 on SARIYLCD9094K48 with PID 25016 (D:\personal\pc\footballersmarket\target\classes started by asm in D:\personal\pc\footballersmarket)
2025-08-23 00:02:23.171  INFO 25016 --- [main] c.y.f.FootballersmarketApplication       : No active profile set, falling back to 1 default profile: "default"
2025-08-23 00:02:24.682  INFO 25016 --- [main] .s.d.r.c.RepositoryConfigurationDelegate : Bootstrapping Spring Data JPA repositories in DEFAULT mode.
2025-08-23 00:02:25.092  INFO 25016 --- [main] .s.d.r.c.RepositoryConfigurationDelegate : Finished Spring Data repository scanning in 390 ms. Found 7 JPA repository interfaces.
2025-08-23 00:02:27.487  INFO 25016 --- [main] o.s.b.w.embedded.tomcat.TomcatWebServer  : Tomcat initialized with port(s): 8083 (http)
2025-08-23 00:02:27.503  INFO 25016 --- [main] o.apache.catalina.core.StandardService   : Starting service [Tomcat]
2025-08-23 00:02:27.503  INFO 25016 --- [main] org.apache.catalina.core.StandardEngine  : Starting Servlet engine: [Apache Tomcat/9.0.68]
2025-08-23 00:02:27.741  INFO 25016 --- [main] o.a.c.c.C.[Tomcat].[localhost].[/]       : Initializing Spring embedded WebApplicationContext
2025-08-23 00:02:27.741  INFO 25016 --- [main] w.s.c.ServletWebServerApplicationContext : Root WebApplicationContext: initialization completed in 4475 ms
2025-08-23 00:02:28.049  INFO 25016 --- [main] o.hibernate.jpa.internal.util.LogHelper  : HHH000204: Processing PersistenceUnitInfo [name: default]
2025-08-23 00:02:28.101  INFO 25016 --- [main] org.hibernate.Version                    : HHH000412: Hibernate ORM core version 5.6.12.Final
2025-08-23 00:02:28.375  INFO 25016 --- [main] o.hibernate.annotations.common.Version   : HCANN000001: Hibernate Commons Annotations {5.1.2.Final}
2025-08-23 00:02:28.543  INFO 25016 --- [main] com.zaxxer.hikari.HikariDataSource       : HikariPool-1 - Starting...
2025-08-23 00:02:28.874  INFO 25016 --- [main] com.zaxxer.hikari.HikariDataSource       : HikariPool-1 - Start completed.
2025-08-23 00:02:28.890  INFO 25016 --- [main] org.hibernate.dialect.Dialect            : HHH000400: Using dialect: org.hibernate.dialect.PostgreSQLDialect
2025-08-23 00:02:30.546  INFO 25016 --- [main] o.h.e.t.j.p.i.JtaPlatformInitiator       : HHH000490: Using JtaPlatform implementation: [org.hibernate.engine.transaction.jta.platform.internal.NoJtaPlatform]
2025-08-23 00:02:30.562  INFO 25016 --- [main] j.LocalContainerEntityManagerFactoryBean : Initialized JPA EntityManagerFactory for persistence unit 'default'
2025-08-23 00:02:32.582  INFO 25016 --- [main] o.s.s.web.DefaultSecurityFilterChain     : Will secure any request with [org.springframework.security.web.session.DisableEncodeUrlFilter@3338d706, org.springframework.security.web.context.request.async.WebAsyncManagerIntegrationFilter@f776b4a, org.springframework.security.web.context.SecurityContextPersistenceFilter@6a7b4ff5, org.springframework.security.web.header.HeaderWriterFilter@57fb6900, org.springframework.web.filter.CorsFilter@7890324e, org.springframework.security.web.authentication.logout.LogoutFilter@6bab8290, com.yasser.footballersmarket.security.JwtAuthenticationFilter@753c7411, org.springframework.security.web.savedrequest.RequestCacheAwareFilter@3f7d73e3, org.springframework.security.web.servletapi.SecurityContextHolderAwareRequestFilter@1ae2028d, org.springframework.security.web.authentication.AnonymousAuthenticationFilter@2fb555e8, org.springframework.security.web.session.SessionManagementFilter@5ac35b17, org.springframework.security.web.access.ExceptionTranslationFilter@1f67d37f, org.springframework.security.web.access.intercept.AuthorizationFilter@7ab8c972]
2025-08-23 00:02:32.748  WARN 25016 --- [main] JpaBaseConfiguration$JpaWebConfiguration : spring.jpa.open-in-view is enabled by default. Therefore, database queries may be performed during view rendering. Explicitly configure spring.jpa.open-in-view to disable this warning
2025-08-23 00:02:33.197  INFO 25016 --- [main] o.s.b.w.embedded.tomcat.TomcatWebServer  : Tomcat started on port(s): 8083 (http) with context path ''
2025-08-23 00:02:33.213  INFO 25016 --- [main] c.y.f.FootballersmarketApplication       : Started FootballersmarketApplication in 10.83 seconds (JVM running for 11.614)
2025-08-23 00:02:33.734  INFO 25016 --- [scheduling-1] c.y.f.r.PlayersDataFetchingScheduler     : page number 1
2025-08-23 00:02:33.734  INFO 25016 --- [scheduling-1] c.y.f.r.PlayersDataFetchingScheduler     : fetching url https://v3.football.api-sports.io/players?league=39&season=2025&team=49&page=1
2025-08-23 03:06:46.943  INFO 8076 --- [main] c.y.f.FootballersmarketApplication       : Starting FootballersmarketApplication using Java 12 on SARIYLCD9094K48 with PID 8076 (D:\personal\pc\footballersmarketproject\footballersmarketbackend\target\classes started by asm in D:\personal\pc\footballersmarketproject\footballersmarketbackend)
2025-08-23 03:06:46.959  INFO 8076 --- [main] c.y.f.FootballersmarketApplication       : No active profile set, falling back to 1 default profile: "default"
2025-08-23 03:06:48.454  INFO 8076 --- [main] .s.d.r.c.RepositoryConfigurationDelegate : Bootstrapping Spring Data JPA repositories in DEFAULT mode.
2025-08-23 03:06:48.933  INFO 8076 --- [main] .s.d.r.c.RepositoryConfigurationDelegate : Finished Spring Data repository scanning in 443 ms. Found 7 JPA repository interfaces.
2025-08-23 03:06:52.271  INFO 8076 --- [main] o.s.b.w.embedded.tomcat.TomcatWebServer  : Tomcat initialized with port(s): 8083 (http)
2025-08-23 03:06:52.286  INFO 8076 --- [main] o.apache.catalina.core.StandardService   : Starting service [Tomcat]
2025-08-23 03:06:52.286  INFO 8076 --- [main] org.apache.catalina.core.StandardEngine  : Starting Servlet engine: [Apache Tomcat/9.0.68]
2025-08-23 03:06:52.791  INFO 8076 --- [main] o.a.c.c.C.[Tomcat].[localhost].[/]       : Initializing Spring embedded WebApplicationContext
2025-08-23 03:06:52.791  INFO 8076 --- [main] w.s.c.ServletWebServerApplicationContext : Root WebApplicationContext: initialization completed in 5706 ms
2025-08-23 03:06:54.130  INFO 8076 --- [main] o.hibernate.jpa.internal.util.LogHelper  : HHH000204: Processing PersistenceUnitInfo [name: default]
2025-08-23 03:06:54.304  INFO 8076 --- [main] org.hibernate.Version                    : HHH000412: Hibernate ORM core version 5.6.12.Final
2025-08-23 03:06:55.154  INFO 8076 --- [main] o.hibernate.annotations.common.Version   : HCANN000001: Hibernate Commons Annotations {5.1.2.Final}
2025-08-23 03:06:55.786  INFO 8076 --- [main] com.zaxxer.hikari.HikariDataSource       : HikariPool-1 - Starting...
2025-08-23 03:06:57.144  INFO 8076 --- [main] com.zaxxer.hikari.HikariDataSource       : HikariPool-1 - Start completed.
2025-08-23 03:06:57.208  INFO 8076 --- [main] org.hibernate.dialect.Dialect            : HHH000400: Using dialect: org.hibernate.dialect.PostgreSQLDialect
2025-08-23 03:07:03.702  INFO 8076 --- [main] o.h.e.t.j.p.i.JtaPlatformInitiator       : HHH000490: Using JtaPlatform implementation: [org.hibernate.engine.transaction.jta.platform.internal.NoJtaPlatform]
2025-08-23 03:07:03.702  INFO 8076 --- [main] j.LocalContainerEntityManagerFactoryBean : Initialized JPA EntityManagerFactory for persistence unit 'default'
2025-08-23 03:07:06.320  INFO 8076 --- [main] o.s.s.web.DefaultSecurityFilterChain     : Will secure any request with [org.springframework.security.web.session.DisableEncodeUrlFilter@5cdafb4d, org.springframework.security.web.context.request.async.WebAsyncManagerIntegrationFilter@58ca1cad, org.springframework.security.web.context.SecurityContextPersistenceFilter@7ef8899d, org.springframework.security.web.header.HeaderWriterFilter@253c7189, org.springframework.web.filter.CorsFilter@6c120b00, org.springframework.security.web.authentication.logout.LogoutFilter@7a285418, com.yasser.footballersmarket.security.JwtAuthenticationFilter@cef23a8, org.springframework.security.web.savedrequest.RequestCacheAwareFilter@60ae950f, org.springframework.security.web.servletapi.SecurityContextHolderAwareRequestFilter@3f908a10, org.springframework.security.web.authentication.AnonymousAuthenticationFilter@5ae6119b, org.springframework.security.web.session.SessionManagementFilter@1b949de4, org.springframework.security.web.access.ExceptionTranslationFilter@3894d1b1, org.springframework.security.web.access.intercept.AuthorizationFilter@2314f013]
2025-08-23 03:07:06.525  WARN 8076 --- [main] JpaBaseConfiguration$JpaWebConfiguration : spring.jpa.open-in-view is enabled by default. Therefore, database queries may be performed during view rendering. Explicitly configure spring.jpa.open-in-view to disable this warning
2025-08-23 03:07:07.014  INFO 8076 --- [main] o.s.b.w.embedded.tomcat.TomcatWebServer  : Tomcat started on port(s): 8083 (http) with context path ''
2025-08-23 03:07:07.044  INFO 8076 --- [main] c.y.f.FootballersmarketApplication       : Started FootballersmarketApplication in 21.124 seconds (JVM running for 23.27)
2025-08-23 03:07:07.548  INFO 8076 --- [scheduling-1] c.y.f.r.PlayersDataFetchingScheduler     : page number 1
2025-08-23 03:07:07.548  INFO 8076 --- [scheduling-1] c.y.f.r.PlayersDataFetchingScheduler     : fetching url https://v3.football.api-sports.io/players?league=39&season=2025&team=49&page=1
2025-08-23 03:07:18.746  INFO 8076 --- [scheduling-1] c.y.f.r.PlayersDataFetchingScheduler     : page number 1 finished
2025-08-23 03:07:18.746  INFO 8076 --- [scheduling-1] c.y.f.r.PlayersDataFetchingScheduler     : page number 1
2025-08-23 03:07:18.746  INFO 8076 --- [scheduling-1] c.y.f.r.PlayersDataFetchingScheduler     : fetching url https://v3.football.api-sports.io/players?league=140&season=2025&team=529&page=1
2025-08-23 03:07:29.224  INFO 8076 --- [scheduling-1] c.y.f.r.PlayersDataFetchingScheduler     : page number 1 finished
2025-08-23 03:07:29.224  INFO 8076 --- [scheduling-1] c.y.f.r.PlayersDataFetchingScheduler     : page number 2
2025-08-23 03:07:29.224  INFO 8076 --- [scheduling-1] c.y.f.r.PlayersDataFetchingScheduler     : fetching url https://v3.football.api-sports.io/players?league=140&season=2025&team=529&page=2
2025-08-23 03:07:39.541  INFO 8076 --- [scheduling-1] c.y.f.r.PlayersDataFetchingScheduler     : page number 2 finished
2025-08-23 03:07:39.541  INFO 8076 --- [scheduling-1] c.y.f.r.PlayersDataFetchingScheduler     : page number 1
2025-08-23 03:07:39.541  INFO 8076 --- [scheduling-1] c.y.f.r.PlayersDataFetchingScheduler     : fetching url https://v3.football.api-sports.io/players?league=39&season=2025&team=50&page=1
2025-08-23 03:07:50.023  INFO 8076 --- [scheduling-1] c.y.f.r.PlayersDataFetchingScheduler     : page number 1 finished
2025-08-23 03:07:50.024  INFO 8076 --- [scheduling-1] c.y.f.r.PlayersDataFetchingScheduler     : page number 1
2025-08-23 03:07:50.024  INFO 8076 --- [scheduling-1] c.y.f.r.PlayersDataFetchingScheduler     : fetching url https://v3.football.api-sports.io/players?league=39&season=2025&team=40&page=1
2025-08-23 03:08:00.413  INFO 8076 --- [scheduling-1] c.y.f.r.PlayersDataFetchingScheduler     : page number 1 finished
2025-08-23 03:08:00.413  INFO 8076 --- [scheduling-1] c.y.f.r.PlayersDataFetchingScheduler     : page number 1
2025-08-23 03:08:00.413  INFO 8076 --- [scheduling-1] c.y.f.r.PlayersDataFetchingScheduler     : fetching url https://v3.football.api-sports.io/players?league=39&season=2025&team=42&page=1
2025-08-23 03:08:10.837  INFO 8076 --- [scheduling-1] c.y.f.r.PlayersDataFetchingScheduler     : page number 1 finished
2025-08-23 03:08:10.837  INFO 8076 --- [scheduling-1] c.y.f.r.PlayersDataFetchingScheduler     : page number 1
2025-08-23 03:08:10.837  INFO 8076 --- [scheduling-1] c.y.f.r.PlayersDataFetchingScheduler     : fetching url https://v3.football.api-sports.io/players?league=39&season=2025&team=33&page=1
2025-08-23 03:08:21.300  INFO 8076 --- [scheduling-1] c.y.f.r.PlayersDataFetchingScheduler     : page number 1 finished
2025-08-23 03:08:21.300  INFO 8076 --- [scheduling-1] c.y.f.r.PlayersDataFetchingScheduler     : page number 1
2025-08-23 03:08:21.300  INFO 8076 --- [scheduling-1] c.y.f.r.PlayersDataFetchingScheduler     : fetching url https://v3.football.api-sports.io/players?league=39&season=2025&team=47&page=1
2025-08-23 03:08:31.678  INFO 8076 --- [scheduling-1] c.y.f.r.PlayersDataFetchingScheduler     : page number 1 finished
2025-08-23 03:08:31.678  INFO 8076 --- [scheduling-1] c.y.f.r.PlayersDataFetchingScheduler     : page number 1
2025-08-23 03:08:31.678  INFO 8076 --- [scheduling-1] c.y.f.r.PlayersDataFetchingScheduler     : fetching url https://v3.football.api-sports.io/players?league=135&season=2025&team=505&page=1
2025-08-23 03:08:41.979  INFO 8076 --- [scheduling-1] c.y.f.r.PlayersDataFetchingScheduler     : page number 1 finished
2025-08-23 03:08:41.979  INFO 8076 --- [scheduling-1] c.y.f.r.PlayersDataFetchingScheduler     : page number 1
2025-08-23 03:08:41.979  INFO 8076 --- [scheduling-1] c.y.f.r.PlayersDataFetchingScheduler     : fetching url https://v3.football.api-sports.io/players?league=135&season=2025&team=489&page=1
2025-08-23 03:08:52.487  INFO 8076 --- [scheduling-1] c.y.f.r.PlayersDataFetchingScheduler     : page number 1 finished
2025-08-23 03:08:52.487  INFO 8076 --- [scheduling-1] c.y.f.r.PlayersDataFetchingScheduler     : page number 1
2025-08-23 03:08:52.487  INFO 8076 --- [scheduling-1] c.y.f.r.PlayersDataFetchingScheduler     : fetching url https://v3.football.api-sports.io/players?league=135&season=2025&team=492&page=1
2025-08-23 03:09:02.848  INFO 8076 --- [scheduling-1] c.y.f.r.PlayersDataFetchingScheduler     : page number 1 finished
2025-08-23 03:09:02.848  INFO 8076 --- [scheduling-1] c.y.f.r.PlayersDataFetchingScheduler     : page number 1
2025-08-23 03:09:02.848  INFO 8076 --- [scheduling-1] c.y.f.r.PlayersDataFetchingScheduler     : fetching url https://v3.football.api-sports.io/players?league=135&season=2025&team=496&page=1
2025-08-23 03:09:13.161  INFO 8076 --- [scheduling-1] c.y.f.r.PlayersDataFetchingScheduler     : page number 1 finished
2025-08-23 03:09:13.161  INFO 8076 --- [scheduling-1] c.y.f.r.PlayersDataFetchingScheduler     : page number 1
2025-08-23 03:09:13.161  INFO 8076 --- [scheduling-1] c.y.f.r.PlayersDataFetchingScheduler     : fetching url https://v3.football.api-sports.io/players?league=140&season=2025&team=530&page=1
2025-08-23 03:09:23.590  INFO 8076 --- [scheduling-1] c.y.f.r.PlayersDataFetchingScheduler     : page number 1 finished
2025-08-23 03:09:23.590  INFO 8076 --- [scheduling-1] c.y.f.r.PlayersDataFetchingScheduler     : page number 2
2025-08-23 03:09:23.590  INFO 8076 --- [scheduling-1] c.y.f.r.PlayersDataFetchingScheduler     : fetching url https://v3.football.api-sports.io/players?league=140&season=2025&team=530&page=2
2025-08-23 03:09:33.896  INFO 8076 --- [scheduling-1] c.y.f.r.PlayersDataFetchingScheduler     : page number 2 finished
2025-08-23 03:09:33.896  INFO 8076 --- [scheduling-1] c.y.f.r.PlayersDataFetchingScheduler     : page number 1
2025-08-23 03:09:33.896  INFO 8076 --- [scheduling-1] c.y.f.r.PlayersDataFetchingScheduler     : fetching url https://v3.football.api-sports.io/players?league=140&season=2025&team=541&page=1
2025-08-23 03:09:44.314  INFO 8076 --- [scheduling-1] c.y.f.r.PlayersDataFetchingScheduler     : page number 1 finished
2025-08-23 03:09:44.314  INFO 8076 --- [scheduling-1] c.y.f.r.PlayersDataFetchingScheduler     : page number 2
2025-08-23 03:09:44.316  INFO 8076 --- [scheduling-1] c.y.f.r.PlayersDataFetchingScheduler     : fetching url https://v3.football.api-sports.io/players?league=140&season=2025&team=541&page=2
2025-08-23 03:09:54.686  INFO 8076 --- [scheduling-1] c.y.f.r.PlayersDataFetchingScheduler     : page number 2 finished
2025-08-23 03:09:54.686  INFO 8076 --- [scheduling-1] c.y.f.r.PlayersDataFetchingScheduler     : page number 1
2025-08-23 03:09:54.686  INFO 8076 --- [scheduling-1] c.y.f.r.PlayersDataFetchingScheduler     : fetching url https://v3.football.api-sports.io/players?league=78&season=2025&team=157&page=1
2025-08-23 03:10:05.011  INFO 8076 --- [scheduling-1] c.y.f.r.PlayersDataFetchingScheduler     : page number 1 finished
2025-08-23 03:10:05.011  INFO 8076 --- [scheduling-1] c.y.f.r.PlayersDataFetchingScheduler     : page number 1
2025-08-23 03:10:05.011  INFO 8076 --- [scheduling-1] c.y.f.r.PlayersDataFetchingScheduler     : fetching url https://v3.football.api-sports.io/players?league=61&season=2025&team=85&page=1
2025-08-23 03:10:15.428  INFO 8076 --- [scheduling-1] c.y.f.r.PlayersDataFetchingScheduler     : page number 1 finished
2025-08-23 03:10:15.445  INFO 8076 --- [scheduling-1] c.y.f.player.PlayerService               : retrieving players which was bought from sofascore search
2025-08-23 03:10:15.539  INFO 8076 --- [scheduling-1] c.y.f.player.PlayerService               : retrieving players which are updated by sofascore
2025-08-23 03:10:15.556  INFO 8076 --- [scheduling-1] c.y.f.scores365.ScoresService            : searching player in 365 scores search url https://webws.365scores.com/web/search/?appTypeId=5&query=Marc Casado&filter=all
2025-08-23 03:10:15.955  INFO 8076 --- [scheduling-1] y.f.r.PlayersDataSavingProcessingService : player from external search, player id 329728 player name Marc Casadó Torras
2025-08-23 03:10:16.019  INFO 8076 --- [scheduling-1] c.y.f.scores365.ScoresService            : searching player in 365 scores search url https://webws.365scores.com/web/search/?appTypeId=5&query=Manuel Obafemi&filter=all
2025-08-23 03:10:16.099  INFO 8076 --- [scheduling-1] y.f.r.PlayersDataSavingProcessingService : player not found in external search 5
2025-08-23 03:10:16.099  INFO 8076 --- [scheduling-1] c.y.f.scores365.ScoresService            : searching player in 365 scores search url https://webws.365scores.com/web/search/?appTypeId=5&query=David Raya&filter=all
2025-08-23 03:10:16.420  INFO 8076 --- [scheduling-1] y.f.r.PlayersDataSavingProcessingService : player from external search, player id 19465 player name David Raya Martin
2025-08-23 03:10:16.484  INFO 8076 --- [scheduling-1] c.y.f.scores365.ScoresService            : searching player in 365 scores search url https://webws.365scores.com/web/search/?appTypeId=5&query=Achraf Hakimi&filter=all
2025-08-23 03:10:16.581  INFO 8076 --- [scheduling-1] y.f.r.PlayersDataSavingProcessingService : player from external search, player id 9 player name Achraf Hakimi Mouh
2025-08-23 03:10:16.645  INFO 8076 --- [scheduling-1] c.y.f.scores365.ScoresService            : searching player in 365 scores search url https://webws.365scores.com/web/search/?appTypeId=5&query=Robert Lynch&filter=all
2025-08-23 03:10:16.741  INFO 8076 --- [scheduling-1] y.f.r.PlayersDataSavingProcessingService : player not found in external search 18959
2025-08-23 03:10:16.741  INFO 8076 --- [scheduling-1] c.y.f.scores365.ScoresService            : searching player in 365 scores search url https://webws.365scores.com/web/search/?appTypeId=5&query=Chukwunonso Tristan&filter=all
2025-08-23 03:10:16.847  INFO 8076 --- [scheduling-1] y.f.r.PlayersDataSavingProcessingService : player not found in external search 136723
2025-08-23 03:10:16.847  INFO 8076 --- [scheduling-1] c.y.f.scores365.ScoresService            : searching player in 365 scores search url https://webws.365scores.com/web/search/?appTypeId=5&query=Antonio Fernandez&filter=all
2025-08-23 03:10:16.938  INFO 8076 --- [scheduling-1] y.f.r.PlayersDataSavingProcessingService : player from external search, player id 445973 player name Antonio Fernández Casino
2025-08-23 03:10:16.997  INFO 8076 --- [scheduling-1] c.y.f.scores365.ScoresService            : searching player in 365 scores search url https://webws.365scores.com/web/search/?appTypeId=5&query=Matthijs de&filter=all
2025-08-23 03:10:17.094  INFO 8076 --- [scheduling-1] y.f.r.PlayersDataSavingProcessingService : player from external search, player id 532 player name Matthijs de Ligt
2025-08-23 03:10:17.157  INFO 8076 --- [scheduling-1] c.y.f.scores365.ScoresService            : searching player in 365 scores search url https://webws.365scores.com/web/search/?appTypeId=5&query=Matvey Safonov&filter=all
2025-08-23 03:10:17.382  INFO 8076 --- [scheduling-1] y.f.r.PlayersDataSavingProcessingService : player from external search, player id 2068 player name Matvey Safonov
2025-08-23 03:10:17.446  INFO 8076 --- [scheduling-1] c.y.f.scores365.ScoresService            : searching player in 365 scores search url https://webws.365scores.com/web/search/?appTypeId=5&query=Thiago Pitarch&filter=all
2025-08-23 03:10:17.527  INFO 8076 --- [scheduling-1] y.f.r.PlayersDataSavingProcessingService : player from external search, player id 509470 player name Thiago Pitarch
2025-08-23 03:10:17.592  INFO 8076 --- [scheduling-1] c.y.f.scores365.ScoresService            : searching player in 365 scores search url https://webws.365scores.com/web/search/?appTypeId=5&query=Frenkie de&filter=all
2025-08-23 03:10:17.624  INFO 8076 --- [scheduling-1] y.f.r.PlayersDataSavingProcessingService : player from external search, player id 538 player name Frenkie de Jong
2025-08-23 03:10:17.687  INFO 8076 --- [scheduling-1] c.y.f.scores365.ScoresService            : searching player in 365 scores search url https://webws.365scores.com/web/search/?appTypeId=5&query=Dean Donny&filter=all
2025-08-23 03:10:17.767  INFO 8076 --- [scheduling-1] y.f.r.PlayersDataSavingProcessingService : player not found in external search 361497
2025-08-23 03:10:17.767  INFO 8076 --- [scheduling-1] c.y.f.scores365.ScoresService            : searching player in 365 scores search url https://webws.365scores.com/web/search/?appTypeId=5&query=Jan Oblak&filter=all
2025-08-23 03:10:17.863  INFO 8076 --- [scheduling-1] y.f.r.PlayersDataSavingProcessingService : player from external search, player id 29 player name Jan Oblak
2025-08-23 03:10:17.925  INFO 8076 --- [scheduling-1] c.y.f.scores365.ScoresService            : searching player in 365 scores search url https://webws.365scores.com/web/search/?appTypeId=5&query=Lucas Francois&filter=all
2025-08-23 03:10:18.179  INFO 8076 --- [scheduling-1] y.f.r.PlayersDataSavingProcessingService : player not found in external search 33
2025-08-23 03:10:18.179  INFO 8076 --- [scheduling-1] c.y.f.scores365.ScoresService            : searching player in 365 scores search url https://webws.365scores.com/web/search/?appTypeId=5&query=Viktor Einar&filter=all
2025-08-23 03:10:18.273  INFO 8076 --- [scheduling-1] y.f.r.PlayersDataSavingProcessingService : player from external search, player id 18979 player name Viktor Einar Gyökeres
2025-08-23 03:10:18.335  INFO 8076 --- [scheduling-1] c.y.f.scores365.ScoresService            : searching player in 365 scores search url https://webws.365scores.com/web/search/?appTypeId=5&query=Tijjani Reijnders&filter=all
2025-08-23 03:10:18.431  INFO 8076 --- [scheduling-1] y.f.r.PlayersDataSavingProcessingService : player from external search, player id 36902 player name Tijjani Reijnders
2025-08-23 03:10:18.495  INFO 8076 --- [scheduling-1] c.y.f.scores365.ScoresService            : searching player in 365 scores search url https://webws.365scores.com/web/search/?appTypeId=5&query=Mohammed Kudus&filter=all
2025-08-23 03:10:18.590  INFO 8076 --- [scheduling-1] y.f.r.PlayersDataSavingProcessingService : player from external search, player id 15911 player name Mohammed Kudus
2025-08-23 03:10:18.654  INFO 8076 --- [scheduling-1] c.y.f.scores365.ScoresService            : searching player in 365 scores search url https://webws.365scores.com/web/search/?appTypeId=5&query=Jorge Resurreccion&filter=all
2025-08-23 03:10:18.748  INFO 8076 --- [scheduling-1] y.f.r.PlayersDataSavingProcessingService : player not found in external search 50
2025-08-23 03:10:18.748  INFO 8076 --- [scheduling-1] c.y.f.scores365.ScoresService            : searching player in 365 scores search url https://webws.365scores.com/web/search/?appTypeId=5&query=Ruben dos&filter=all
2025-08-23 03:10:18.851  INFO 8076 --- [scheduling-1] y.f.r.PlayersDataSavingProcessingService : player not found in external search 567
2025-08-23 03:10:18.851  INFO 8076 --- [scheduling-1] c.y.f.scores365.ScoresService            : searching player in 365 scores search url https://webws.365scores.com/web/search/?appTypeId=5&query=Cristian Gabriel&filter=all
2025-08-23 03:10:18.943  INFO 8076 --- [scheduling-1] y.f.r.PlayersDataSavingProcessingService : player from external search, player id 30776 player name Cristian Gabriel Romero
2025-08-23 03:10:19.001  INFO 8076 --- [scheduling-1] c.y.f.scores365.ScoresService            : searching player in 365 scores search url https://webws.365scores.com/web/search/?appTypeId=5&query=Antoine Griezmann&filter=all
2025-08-23 03:10:19.097  INFO 8076 --- [scheduling-1] y.f.r.PlayersDataSavingProcessingService : player from external search, player id 56 player name Antoine Griezmann
2025-08-23 03:10:19.160  INFO 8076 --- [scheduling-1] c.y.f.scores365.ScoresService            : searching player in 365 scores search url https://webws.365scores.com/web/search/?appTypeId=5&query=Alexis Mac&filter=all
2025-08-23 03:10:19.255  INFO 8076 --- [scheduling-1] y.f.r.PlayersDataSavingProcessingService : player from external search, player id 6716 player name Alexis Mac Allister
2025-08-23 03:10:19.318  INFO 8076 --- [scheduling-1] c.y.f.scores365.ScoresService            : searching player in 365 scores search url https://webws.365scores.com/web/search/?appTypeId=5&query=Rico Henry&filter=all
2025-08-23 03:10:19.397  INFO 8076 --- [scheduling-1] y.f.r.PlayersDataSavingProcessingService : player from external search, player id 284230 player name Rico Henry Mark Lewis
2025-08-23 03:10:19.460  INFO 8076 --- [scheduling-1] c.y.f.scores365.ScoresService            : searching player in 365 scores search url https://webws.365scores.com/web/search/?appTypeId=5&query=Joao Lucas&filter=all
2025-08-23 03:10:19.563  INFO 8076 --- [scheduling-1] y.f.r.PlayersDataSavingProcessingService : player from external search, player id 133185 player name João Lucas de Souza Cardoso
2025-08-23 03:10:19.620  INFO 8076 --- [scheduling-1] c.y.f.scores365.ScoresService            : searching player in 365 scores search url https://webws.365scores.com/web/search/?appTypeId=5&query=Pedro Fernandez&filter=all
2025-08-23 03:10:19.715  INFO 8076 --- [scheduling-1] y.f.r.PlayersDataSavingProcessingService : player from external search, player id 491087 player name Pedro Fernández
2025-08-23 03:10:19.778  INFO 8076 --- [scheduling-1] c.y.f.scores365.ScoresService            : searching player in 365 scores search url https://webws.365scores.com/web/search/?appTypeId=5&query=Dominik Szoboszlai&filter=all
2025-08-23 03:10:19.873  INFO 8076 --- [scheduling-1] y.f.r.PlayersDataSavingProcessingService : player from external search, player id 1096 player name Dominik Szoboszlai
2025-08-23 03:10:19.936  INFO 8076 --- [scheduling-1] c.y.f.scores365.ScoresService            : searching player in 365 scores search url https://webws.365scores.com/web/search/?appTypeId=5&query=William Alain&filter=all
2025-08-23 03:10:20.032  INFO 8076 --- [scheduling-1] y.f.r.PlayersDataSavingProcessingService : player not found in external search 22090
2025-08-23 03:10:20.032  INFO 8076 --- [scheduling-1] c.y.f.scores365.ScoresService            : searching player in 365 scores search url https://webws.365scores.com/web/search/?appTypeId=5&query=Pape Matar&filter=all
2025-08-23 03:10:20.112  INFO 8076 --- [scheduling-1] y.f.r.PlayersDataSavingProcessingService : player not found in external search 237129
2025-08-23 03:10:20.112  INFO 8076 --- [scheduling-1] c.y.f.scores365.ScoresService            : searching player in 365 scores search url https://webws.365scores.com/web/search/?appTypeId=5&query=Rio Ngumoha&filter=all
2025-08-23 03:10:20.220  INFO 8076 --- [scheduling-1] y.f.r.PlayersDataSavingProcessingService : player from external search, player id 452685 player name Rio Ngumoha
2025-08-23 03:10:20.273  INFO 8076 --- [scheduling-1] c.y.f.scores365.ScoresService            : searching player in 365 scores search url https://webws.365scores.com/web/search/?appTypeId=5&query=Erling Braut&filter=all
2025-08-23 03:10:20.366  INFO 8076 --- [scheduling-1] y.f.r.PlayersDataSavingProcessingService : player from external search, player id 1100 player name Erling Braut Haaland
2025-08-23 03:10:20.417  INFO 8076 --- [scheduling-1] c.y.f.scores365.ScoresService            : searching player in 365 scores search url https://webws.365scores.com/web/search/?appTypeId=5&query=Jeremie Agyekum&filter=all
2025-08-23 03:10:20.511  INFO 8076 --- [scheduling-1] y.f.r.PlayersDataSavingProcessingService : player not found in external search 152654
2025-08-23 03:10:20.511  INFO 8076 --- [scheduling-1] c.y.f.scores365.ScoresService            : searching player in 365 scores search url https://webws.365scores.com/web/search/?appTypeId=5&query=Wesley Tidjan&filter=all
2025-08-23 03:10:20.610  INFO 8076 --- [scheduling-1] y.f.r.PlayersDataSavingProcessingService : player not found in external search 22094
2025-08-23 03:10:20.610  INFO 8076 --- [scheduling-1] c.y.f.scores365.ScoresService            : searching player in 365 scores search url https://webws.365scores.com/web/search/?appTypeId=5&query=Reece Lewis&filter=all
2025-08-23 03:10:20.706  INFO 8076 --- [scheduling-1] y.f.r.PlayersDataSavingProcessingService : player not found in external search 19545
2025-08-23 03:10:20.706  INFO 8076 --- [scheduling-1] c.y.f.scores365.ScoresService            : searching player in 365 scores search url https://webws.365scores.com/web/search/?appTypeId=5&query=Joao Pedro&filter=all
2025-08-23 03:10:20.817  INFO 8076 --- [scheduling-1] y.f.r.PlayersDataSavingProcessingService : player from external search, player id 10329 player name João Pedro Junqueira de Jesus
2025-08-23 03:10:20.882  INFO 8076 --- [scheduling-1] c.y.f.scores365.ScoresService            : searching player in 365 scores search url https://webws.365scores.com/web/search/?appTypeId=5&query=Harvey Daniel&filter=all
2025-08-23 03:10:20.977  INFO 8076 --- [scheduling-1] y.f.r.PlayersDataSavingProcessingService : player not found in external search 19035
2025-08-23 03:10:20.977  INFO 8076 --- [scheduling-1] c.y.f.scores365.ScoresService            : searching player in 365 scores search url https://webws.365scores.com/web/search/?appTypeId=5&query=Antonin Kinsky&filter=all
2025-08-23 03:10:21.072  INFO 8076 --- [scheduling-1] y.f.r.PlayersDataSavingProcessingService : player from external search, player id 265826 player name Antonín Kinský
2025-08-23 03:10:21.134  INFO 8076 --- [scheduling-1] c.y.f.scores365.ScoresService            : searching player in 365 scores search url https://webws.365scores.com/web/search/?appTypeId=5&query=Eric Garcia&filter=all
2025-08-23 03:10:21.230  INFO 8076 --- [scheduling-1] y.f.r.PlayersDataSavingProcessingService : player from external search, player id 619 player name Eric García Martret
2025-08-23 03:10:21.293  INFO 8076 --- [scheduling-1] c.y.f.scores365.ScoresService            : searching player in 365 scores search url https://webws.365scores.com/web/search/?appTypeId=5&query=Bryan Tetsadong&filter=all
2025-08-23 03:10:21.535  INFO 8076 --- [scheduling-1] y.f.r.PlayersDataSavingProcessingService : player not found in external search 20589
2025-08-23 03:10:21.535  INFO 8076 --- [scheduling-1] c.y.f.scores365.ScoresService            : searching player in 365 scores search url https://webws.365scores.com/web/search/?appTypeId=5&query=Malo Gusto&filter=all
2025-08-23 03:10:21.858  INFO 8076 --- [scheduling-1] y.f.r.PlayersDataSavingProcessingService : player from external search, player id 161907 player name Malo Gusto
2025-08-23 03:10:21.917  INFO 8076 --- [scheduling-1] c.y.f.scores365.ScoresService            : searching player in 365 scores search url https://webws.365scores.com/web/search/?appTypeId=5&query=Oscar Bobb&filter=all
2025-08-23 03:10:21.997  INFO 8076 --- [scheduling-1] y.f.r.PlayersDataSavingProcessingService : player from external search, player id 278133 player name Oscar Bobb
2025-08-23 03:10:22.061  INFO 8076 --- [scheduling-1] c.y.f.scores365.ScoresService            : searching player in 365 scores search url https://webws.365scores.com/web/search/?appTypeId=5&query=Goncalo Matias&filter=all
2025-08-23 03:10:22.170  INFO 8076 --- [scheduling-1] y.f.r.PlayersDataSavingProcessingService : player from external search, player id 41585 player name Gonçalo Matias Ramos
2025-08-23 03:10:22.232  INFO 8076 --- [scheduling-1] c.y.f.scores365.ScoresService            : searching player in 365 scores search url https://webws.365scores.com/web/search/?appTypeId=5&query=John Stones&filter=all
2025-08-23 03:10:22.501  INFO 8076 --- [scheduling-1] y.f.r.PlayersDataSavingProcessingService : player from external search, player id 626 player name John Stones
2025-08-23 03:10:22.560  INFO 8076 --- [scheduling-1] c.y.f.scores365.ScoresService            : searching player in 365 scores search url https://webws.365scores.com/web/search/?appTypeId=5&query=Bradley Barcola&filter=all
2025-08-23 03:10:22.821  INFO 8076 --- [scheduling-1] y.f.r.PlayersDataSavingProcessingService : player from external search, player id 161904 player name Bradley Barcola
2025-08-23 03:10:22.886  INFO 8076 --- [scheduling-1] c.y.f.scores365.ScoresService            : searching player in 365 scores search url https://webws.365scores.com/web/search/?appTypeId=5&query=Arda Guler&filter=all
2025-08-23 03:10:22.978  INFO 8076 --- [scheduling-1] y.f.r.PlayersDataSavingProcessingService : player from external search, player id 291964 player name Arda Güler
2025-08-23 03:10:23.041  INFO 8076 --- [scheduling-1] c.y.f.scores365.ScoresService            : searching player in 365 scores search url https://webws.365scores.com/web/search/?appTypeId=5&query=Ilkay Gundogan&filter=all
2025-08-23 03:10:23.138  INFO 8076 --- [scheduling-1] y.f.r.PlayersDataSavingProcessingService : player from external search, player id 633 player name İlkay Gündoğan
2025-08-23 03:10:23.197  INFO 8076 --- [scheduling-1] c.y.f.scores365.ScoresService            : searching player in 365 scores search url https://webws.365scores.com/web/search/?appTypeId=5&query=Ibrahima Konate&filter=all
2025-08-23 03:10:23.296  INFO 8076 --- [scheduling-1] y.f.r.PlayersDataSavingProcessingService : player from external search, player id 1145 player name Ibrahima Konaté
2025-08-23 03:10:23.353  INFO 8076 --- [scheduling-1] c.y.f.scores365.ScoresService            : searching player in 365 scores search url https://webws.365scores.com/web/search/?appTypeId=5&query=Guglielmo Vicario&filter=all
2025-08-23 03:10:23.446  INFO 8076 --- [scheduling-1] y.f.r.PlayersDataSavingProcessingService : player from external search, player id 31354 player name Guglielmo Vicario
2025-08-23 03:10:23.509  INFO 8076 --- [scheduling-1] c.y.f.scores365.ScoresService            : searching player in 365 scores search url https://webws.365scores.com/web/search/?appTypeId=5&query=Bernardo Mota&filter=all
2025-08-23 03:10:23.603  INFO 8076 --- [scheduling-1] y.f.r.PlayersDataSavingProcessingService : player not found in external search 636
2025-08-23 03:10:23.603  INFO 8076 --- [scheduling-1] c.y.f.scores365.ScoresService            : searching player in 365 scores search url https://webws.365scores.com/web/search/?appTypeId=5&query=Ignacio Pena&filter=all
2025-08-23 03:10:23.699  INFO 8076 --- [scheduling-1] y.f.r.PlayersDataSavingProcessingService : player not found in external search 126
2025-08-23 03:10:23.702  INFO 8076 --- [scheduling-1] c.y.f.scores365.ScoresService            : searching player in 365 scores search url https://webws.365scores.com/web/search/?appTypeId=5&query=Lucas Lopes&filter=all
2025-08-23 03:10:23.801  INFO 8076 --- [scheduling-1] y.f.r.PlayersDataSavingProcessingService : player from external search, player id 307835 player name Lucas Lopes Beraldo
2025-08-23 03:10:23.867  INFO 8076 --- [scheduling-1] c.y.f.scores365.ScoresService            : searching player in 365 scores search url https://webws.365scores.com/web/search/?appTypeId=5&query=Clement Nicolas&filter=all
2025-08-23 03:10:23.960  INFO 8076 --- [scheduling-1] y.f.r.PlayersDataSavingProcessingService : player not found in external search 133
2025-08-23 03:10:23.960  INFO 8076 --- [scheduling-1] c.y.f.scores365.ScoresService            : searching player in 365 scores search url https://webws.365scores.com/web/search/?appTypeId=5&query=Alvaro Fernandez&filter=all
2025-08-23 03:10:24.068  INFO 8076 --- [scheduling-1] y.f.r.PlayersDataSavingProcessingService : player from external search, player id 284300 player name Álvaro Fernández Carreras
2025-08-23 03:10:24.132  INFO 8076 --- [scheduling-1] c.y.f.scores365.ScoresService            : searching player in 365 scores search url https://webws.365scores.com/web/search/?appTypeId=5&query=Joshua Kofi&filter=all
2025-08-23 03:10:24.328  INFO 8076 --- [scheduling-1] y.f.r.PlayersDataSavingProcessingService : player not found in external search 366735
2025-08-23 03:10:24.328  INFO 8076 --- [scheduling-1] c.y.f.scores365.ScoresService            : searching player in 365 scores search url https://webws.365scores.com/web/search/?appTypeId=5&query=Alejandro Balde&filter=all
2025-08-23 03:10:24.594  INFO 8076 --- [scheduling-1] y.f.r.PlayersDataSavingProcessingService : player from external search, player id 161928 player name Alejandro Balde Martínez
2025-08-23 03:10:24.657  INFO 8076 --- [scheduling-1] c.y.f.scores365.ScoresService            : searching player in 365 scores search url https://webws.365scores.com/web/search/?appTypeId=5&query=Carlos Martin&filter=all
2025-08-23 03:10:24.754  INFO 8076 --- [scheduling-1] y.f.r.PlayersDataSavingProcessingService : player from external search, player id 324750 player name Carlos Martín Domínguez
2025-08-23 03:10:24.812  INFO 8076 --- [scheduling-1] c.y.f.scores365.ScoresService            : searching player in 365 scores search url https://webws.365scores.com/web/search/?appTypeId=5&query=Matheus Santos&filter=all
2025-08-23 03:10:25.061  INFO 8076 --- [scheduling-1] y.f.r.PlayersDataSavingProcessingService : player from external search, player id 1165 player name Matheus Santos Carneiro da Cunha
2025-08-23 03:10:25.122  INFO 8076 --- [scheduling-1] c.y.f.scores365.ScoresService            : searching player in 365 scores search url https://webws.365scores.com/web/search/?appTypeId=5&query=Raul Asencio&filter=all
2025-08-23 03:10:25.220  INFO 8076 --- [scheduling-1] y.f.r.PlayersDataSavingProcessingService : player from external search, player id 341640 player name Raúl Asencio del Rosario
2025-08-23 03:10:25.282  INFO 8076 --- [scheduling-1] c.y.f.scores365.ScoresService            : searching player in 365 scores search url https://webws.365scores.com/web/search/?appTypeId=5&query=Jorrel Hato&filter=all
2025-08-23 03:10:25.377  INFO 8076 --- [scheduling-1] y.f.r.PlayersDataSavingProcessingService : player from external search, player id 341642 player name Jorrel Hato
2025-08-23 03:10:25.441  INFO 8076 --- [scheduling-1] c.y.f.scores365.ScoresService            : searching player in 365 scores search url https://webws.365scores.com/web/search/?appTypeId=5&query=Nicolas Gonzalez&filter=all
2025-08-23 03:10:25.537  INFO 8076 --- [scheduling-1] y.f.r.PlayersDataSavingProcessingService : player from external search, player id 161933 player name Nicolás González Iglesias
2025-08-23 03:10:25.602  INFO 8076 --- [scheduling-1] c.y.f.scores365.ScoresService            : searching player in 365 scores search url https://webws.365scores.com/web/search/?appTypeId=5&query=Joao Maria&filter=all
2025-08-23 03:10:25.684  INFO 8076 --- [scheduling-1] y.f.r.PlayersDataSavingProcessingService : player not found in external search 41104
2025-08-23 03:10:25.684  INFO 8076 --- [scheduling-1] c.y.f.scores365.ScoresService            : searching player in 365 scores search url https://webws.365scores.com/web/search/?appTypeId=5&query=Rayan Ait-Nouri&filter=all
2025-08-23 03:10:25.779  INFO 8076 --- [scheduling-1] y.f.r.PlayersDataSavingProcessingService : player not found in external search 21138
2025-08-23 03:10:25.779  INFO 8076 --- [scheduling-1] c.y.f.scores365.ScoresService            : searching player in 365 scores search url https://webws.365scores.com/web/search/?appTypeId=5&query=Matheus Luiz&filter=all
2025-08-23 03:10:25.875  INFO 8076 --- [scheduling-1] y.f.r.PlayersDataSavingProcessingService : player from external search, player id 41621 player name Matheus Luiz Nunes
2025-08-23 03:10:25.938  INFO 8076 --- [scheduling-1] c.y.f.scores365.ScoresService            : searching player in 365 scores search url https://webws.365scores.com/web/search/?appTypeId=5&query=Fermin Lopez&filter=all
2025-08-23 03:10:25.959  INFO 8076 --- [scheduling-1] y.f.r.PlayersDataSavingProcessingService : player from external search, player id 340626 player name Fermín López Martín
2025-08-23 03:10:26.018  INFO 8076 --- [scheduling-1] c.y.f.scores365.ScoresService            : searching player in 365 scores search url https://webws.365scores.com/web/search/?appTypeId=5&query=Lucas Chevalier&filter=all
2025-08-23 03:10:26.340  INFO 8076 --- [scheduling-1] y.f.r.PlayersDataSavingProcessingService : player from external search, player id 162453 player name Lucas Chevalier
2025-08-23 03:10:26.405  INFO 8076 --- [scheduling-1] c.y.f.scores365.ScoresService            : searching player in 365 scores search url https://webws.365scores.com/web/search/?appTypeId=5&query=Masour Ousmane&filter=all
2025-08-23 03:10:26.664  INFO 8076 --- [scheduling-1] y.f.r.PlayersDataSavingProcessingService : player not found in external search 153
2025-08-23 03:10:26.664  INFO 8076 --- [scheduling-1] c.y.f.scores365.ScoresService            : searching player in 365 scores search url https://webws.365scores.com/web/search/?appTypeId=5&query=Diego Kochen&filter=all
2025-08-23 03:10:26.840  INFO 8076 --- [scheduling-1] y.f.r.PlayersDataSavingProcessingService : player from external search, player id 383647 player name Diego Kochen
2025-08-23 03:10:26.904  INFO 8076 --- [scheduling-1] c.y.f.scores365.ScoresService            : searching player in 365 scores search url https://webws.365scores.com/web/search/?appTypeId=5&query=Liam Rory&filter=all
2025-08-23 03:10:26.999  INFO 8076 --- [scheduling-1] y.f.r.PlayersDataSavingProcessingService : player not found in external search 161948
2025-08-23 03:10:26.999  INFO 8076 --- [scheduling-1] c.y.f.scores365.ScoresService            : searching player in 365 scores search url https://webws.365scores.com/web/search/?appTypeId=5&query=Omar Khaled&filter=all
2025-08-23 03:10:27.095  INFO 8076 --- [scheduling-1] y.f.r.PlayersDataSavingProcessingService : player not found in external search 81573
2025-08-23 03:10:27.095  INFO 8076 --- [scheduling-1] c.y.f.scores365.ScoresService            : searching player in 365 scores search url https://webws.365scores.com/web/search/?appTypeId=5&query=Benjamin Thomas&filter=all
2025-08-23 03:10:27.190  INFO 8076 --- [scheduling-1] y.f.r.PlayersDataSavingProcessingService : player not found in external search 164
2025-08-23 03:10:27.190  INFO 8076 --- [scheduling-1] c.y.f.scores365.ScoresService            : searching player in 365 scores search url https://webws.365scores.com/web/search/?appTypeId=5&query=Kobbie Boateng&filter=all
2025-08-23 03:10:27.302  INFO 8076 --- [scheduling-1] y.f.r.PlayersDataSavingProcessingService : player not found in external search 284322
2025-08-23 03:10:27.302  INFO 8076 --- [scheduling-1] c.y.f.scores365.ScoresService            : searching player in 365 scores search url https://webws.365scores.com/web/search/?appTypeId=5&query=Jamie Jermaine&filter=all
2025-08-23 03:10:27.607  INFO 8076 --- [scheduling-1] y.f.r.PlayersDataSavingProcessingService : player not found in external search 286894
2025-08-23 03:10:27.607  INFO 8076 --- [scheduling-1] c.y.f.scores365.ScoresService            : searching player in 365 scores search url https://webws.365scores.com/web/search/?appTypeId=5&query=Mathys Henri&filter=all
2025-08-23 03:10:27.927  INFO 8076 --- [scheduling-1] y.f.r.PlayersDataSavingProcessingService : player not found in external search 270510
2025-08-23 03:10:27.927  INFO 8076 --- [scheduling-1] c.y.f.scores365.ScoresService            : searching player in 365 scores search url https://webws.365scores.com/web/search/?appTypeId=5&query=Treymaurice Nyoni&filter=all
2025-08-23 03:10:28.040  INFO 8076 --- [scheduling-1] y.f.r.PlayersDataSavingProcessingService : player from external search, player id 397997 player name Treymaurice Nyoni
2025-08-23 03:10:28.103  INFO 8076 --- [scheduling-1] c.y.f.scores365.ScoresService            : searching player in 365 scores search url https://webws.365scores.com/web/search/?appTypeId=5&query=Andrey Nascimento&filter=all
2025-08-23 03:10:28.198  INFO 8076 --- [scheduling-1] y.f.r.PlayersDataSavingProcessingService : player not found in external search 305834
2025-08-23 03:10:28.198  INFO 8076 --- [scheduling-1] c.y.f.scores365.ScoresService            : searching player in 365 scores search url https://webws.365scores.com/web/search/?appTypeId=5&query=Brennan Price&filter=all
2025-08-23 03:10:28.295  INFO 8076 --- [scheduling-1] y.f.r.PlayersDataSavingProcessingService : player not found in external search 129711
2025-08-23 03:10:28.295  INFO 8076 --- [scheduling-1] c.y.f.scores365.ScoresService            : searching player in 365 scores search url https://webws.365scores.com/web/search/?appTypeId=5&query=Lucas Erik&filter=all
2025-08-23 03:10:28.441  INFO 8076 --- [scheduling-1] y.f.r.PlayersDataSavingProcessingService : player not found in external search 347316
2025-08-23 03:10:28.441  INFO 8076 --- [scheduling-1] c.y.f.scores365.ScoresService            : searching player in 365 scores search url https://webws.365scores.com/web/search/?appTypeId=5&query=Wilson Serge&filter=all
2025-08-23 03:10:28.890  INFO 8076 --- [scheduling-1] y.f.r.PlayersDataSavingProcessingService : player not found in external search 336564
2025-08-23 03:10:28.890  INFO 8076 --- [scheduling-1] c.y.f.scores365.ScoresService            : searching player in 365 scores search url https://webws.365scores.com/web/search/?appTypeId=5&query=Abduqodir Khusanov&filter=all
2025-08-23 03:10:29.001  INFO 8076 --- [scheduling-1] y.f.r.PlayersDataSavingProcessingService : player from external search, player id 360114 player name Abduqodir Khusanov
2025-08-23 03:10:29.066  INFO 8076 --- [scheduling-1] c.y.f.scores365.ScoresService            : searching player in 365 scores search url https://webws.365scores.com/web/search/?appTypeId=5&query=Giorgi Mamardashvili&filter=all
2025-08-23 03:10:29.161  INFO 8076 --- [scheduling-1] y.f.r.PlayersDataSavingProcessingService : player from external search, player id 24760 player name Giorgi Mamardashvili
2025-08-23 03:10:29.226  INFO 8076 --- [scheduling-1] c.y.f.scores365.ScoresService            : searching player in 365 scores search url https://webws.365scores.com/web/search/?appTypeId=5&query=James Harrington&filter=all
2025-08-23 03:10:29.307  INFO 8076 --- [scheduling-1] y.f.r.PlayersDataSavingProcessingService : player not found in external search 162489
2025-08-23 03:10:29.323  INFO 8076 --- [scheduling-1] c.y.f.scores365.ScoresService            : searching player in 365 scores search url https://webws.365scores.com/web/search/?appTypeId=5&query=David Hancko&filter=all
2025-08-23 03:10:29.419  INFO 8076 --- [scheduling-1] y.f.r.PlayersDataSavingProcessingService : player from external search, player id 30399 player name Dávid Hancko
2025-08-23 03:10:29.482  INFO 8076 --- [scheduling-1] c.y.f.scores365.ScoresService            : searching player in 365 scores search url https://webws.365scores.com/web/search/?appTypeId=5&query=Robin Aime&filter=all
2025-08-23 03:10:29.562  INFO 8076 --- [scheduling-1] y.f.r.PlayersDataSavingProcessingService : player not found in external search 47301
2025-08-23 03:10:29.562  INFO 8076 --- [scheduling-1] c.y.f.scores365.ScoresService            : searching player in 365 scores search url https://webws.365scores.com/web/search/?appTypeId=5&query=Kevin Danso&filter=all
2025-08-23 03:10:29.658  INFO 8076 --- [scheduling-1] y.f.r.PlayersDataSavingProcessingService : player from external search, player id 25287 player name Kevin Danso
2025-08-23 03:10:29.737  INFO 8076 --- [scheduling-1] c.y.f.scores365.ScoresService            : searching player in 365 scores search url https://webws.365scores.com/web/search/?appTypeId=5&query=Federico Chiesa&filter=all
2025-08-23 03:10:29.816  INFO 8076 --- [scheduling-1] y.f.r.PlayersDataSavingProcessingService : player from external search, player id 30410 player name Federico Chiesa
2025-08-23 03:10:29.880  INFO 8076 --- [scheduling-1] c.y.f.scores365.ScoresService            : searching player in 365 scores search url https://webws.365scores.com/web/search/?appTypeId=5&query=Mikel Merino&filter=all
2025-08-23 03:10:29.979  INFO 8076 --- [scheduling-1] y.f.r.PlayersDataSavingProcessingService : player from external search, player id 47311 player name Mikel Merino Zazón
2025-08-23 03:10:30.040  INFO 8076 --- [scheduling-1] c.y.f.scores365.ScoresService            : searching player in 365 scores search url https://webws.365scores.com/web/search/?appTypeId=5&query=Tyrique Aaron&filter=all
2025-08-23 03:10:30.120  INFO 8076 --- [scheduling-1] y.f.r.PlayersDataSavingProcessingService : player not found in external search 334037
2025-08-23 03:10:30.120  INFO 8076 --- [scheduling-1] c.y.f.scores365.ScoresService            : searching player in 365 scores search url https://webws.365scores.com/web/search/?appTypeId=5&query=Gabriel dos&filter=all
2025-08-23 03:10:30.230  INFO 8076 --- [scheduling-1] y.f.r.PlayersDataSavingProcessingService : player from external search, player id 22224 player name Gabriel dos Santos Magalhães
2025-08-23 03:10:30.294  INFO 8076 --- [scheduling-1] c.y.f.scores365.ScoresService            : searching player in 365 scores search url https://webws.365scores.com/web/search/?appTypeId=5&query=Martin Zubimendi&filter=all
2025-08-23 03:10:30.395  INFO 8076 --- [scheduling-1] y.f.r.PlayersDataSavingProcessingService : player from external search, player id 47315 player name Martín Zubimendi Ibáñez
2025-08-23 03:10:30.454  INFO 8076 --- [scheduling-1] c.y.f.scores365.ScoresService            : searching player in 365 scores search url https://webws.365scores.com/web/search/?appTypeId=5&query=Pablo Barrios&filter=all
2025-08-23 03:10:30.550  INFO 8076 --- [scheduling-1] y.f.r.PlayersDataSavingProcessingService : player from external search, player id 336594 player name Pablo Barrios Rivas
2025-08-23 03:10:30.615  INFO 8076 --- [scheduling-1] c.y.f.scores365.ScoresService            : searching player in 365 scores search url https://webws.365scores.com/web/search/?appTypeId=5&query=Thibaut Nicolas&filter=all
2025-08-23 03:10:30.979  INFO 8076 --- [scheduling-1] y.f.r.PlayersDataSavingProcessingService : player not found in external search 730
2025-08-23 03:10:30.979  INFO 8076 --- [scheduling-1] c.y.f.scores365.ScoresService            : searching player in 365 scores search url https://webws.365scores.com/web/search/?appTypeId=5&query=Daniel Carvajal&filter=all
2025-08-23 03:10:31.060  INFO 8076 --- [scheduling-1] y.f.r.PlayersDataSavingProcessingService : player not found in external search 733
2025-08-23 03:10:31.060  INFO 8076 --- [scheduling-1] c.y.f.scores365.ScoresService            : searching player in 365 scores search url https://webws.365scores.com/web/search/?appTypeId=5&query=Matteo Ruggeri&filter=all
2025-08-23 03:10:31.457  INFO 8076 --- [scheduling-1] y.f.r.PlayersDataSavingProcessingService : player from external search, player id 162012 player name Matteo Ruggeri
2025-08-23 03:10:31.521  INFO 8076 --- [scheduling-1] c.y.f.scores365.ScoresService            : searching player in 365 scores search url https://webws.365scores.com/web/search/?appTypeId=5&query=Pablo Martin&filter=all
2025-08-23 03:10:31.773  INFO 8076 --- [scheduling-1] y.f.r.PlayersDataSavingProcessingService : player from external search, player id 296667 player name Pablo Martín Páez Gavira
2025-08-23 03:10:31.837  INFO 8076 --- [scheduling-1] c.y.f.scores365.ScoresService            : searching player in 365 scores search url https://webws.365scores.com/web/search/?appTypeId=5&query=Francisco Jose&filter=all
2025-08-23 03:10:31.917  INFO 8076 --- [scheduling-1] y.f.r.PlayersDataSavingProcessingService : player from external search, player id 736 player name Francisco José García Torres
2025-08-23 03:10:31.979  INFO 8076 --- [scheduling-1] c.y.f.scores365.ScoresService            : searching player in 365 scores search url https://webws.365scores.com/web/search/?appTypeId=5&query=Kepa Arrizabalaga&filter=all
2025-08-23 03:10:32.169  INFO 8076 --- [scheduling-1] y.f.r.PlayersDataSavingProcessingService : player from external search, player id 2273 player name Kepa Arrizabalaga Revuelta
2025-08-23 03:10:32.232  INFO 8076 --- [scheduling-1] c.y.f.scores365.ScoresService            : searching player in 365 scores search url https://webws.365scores.com/web/search/?appTypeId=5&query=Franco Mastantuono&filter=all
2025-08-23 03:10:32.311  INFO 8076 --- [scheduling-1] y.f.r.PlayersDataSavingProcessingService : player from external search, player id 449249 player name Franco Mastantuono
2025-08-23 03:10:32.374  INFO 8076 --- [scheduling-1] c.y.f.scores365.ScoresService            : searching player in 365 scores search url https://webws.365scores.com/web/search/?appTypeId=5&query=Brahim Abdelkader&filter=all
2025-08-23 03:10:32.469  INFO 8076 --- [scheduling-1] y.f.r.PlayersDataSavingProcessingService : player not found in external search 744
2025-08-23 03:10:32.469  INFO 8076 --- [scheduling-1] c.y.f.scores365.ScoresService            : searching player in 365 scores search url https://webws.365scores.com/web/search/?appTypeId=5&query=Jules Olivier&filter=all
2025-08-23 03:10:32.501  INFO 8076 --- [scheduling-1] y.f.r.PlayersDataSavingProcessingService : player from external search, player id 1257 player name Jules Olivier Koundé
2025-08-23 03:10:32.564  INFO 8076 --- [scheduling-1] c.y.f.scores365.ScoresService            : searching player in 365 scores search url https://webws.365scores.com/web/search/?appTypeId=5&query=Andreas Bodtker&filter=all
2025-08-23 03:10:32.564  INFO 8076 --- [scheduling-1] y.f.r.PlayersDataSavingProcessingService : player not found in external search 2282
2025-08-23 03:10:32.564  INFO 8076 --- [scheduling-1] c.y.f.scores365.ScoresService            : searching player in 365 scores search url https://webws.365scores.com/web/search/?appTypeId=5&query=Carlos Henrique&filter=all
2025-08-23 03:10:32.660  INFO 8076 --- [scheduling-1] y.f.r.PlayersDataSavingProcessingService : player from external search, player id 747 player name Carlos Henrique Casimiro
2025-08-23 03:10:32.722  INFO 8076 --- [scheduling-1] c.y.f.scores365.ScoresService            : searching player in 365 scores search url https://webws.365scores.com/web/search/?appTypeId=5&query=Daniel Ceballos&filter=all
2025-08-23 03:10:32.817  INFO 8076 --- [scheduling-1] y.f.r.PlayersDataSavingProcessingService : player not found in external search 748
2025-08-23 03:10:32.817  INFO 8076 --- [scheduling-1] c.y.f.scores365.ScoresService            : searching player in 365 scores search url https://webws.365scores.com/web/search/?appTypeId=5&query=Marcos Llorente&filter=all
2025-08-23 03:10:32.913  INFO 8076 --- [scheduling-1] y.f.r.PlayersDataSavingProcessingService : player from external search, player id 753 player name Marcos Llorente Moreno
2025-08-23 03:10:32.976  INFO 8076 --- [scheduling-1] c.y.f.scores365.ScoresService            : searching player in 365 scores search url https://webws.365scores.com/web/search/?appTypeId=5&query=Federico Santiago&filter=all
2025-08-23 03:10:33.058  INFO 8076 --- [scheduling-1] y.f.r.PlayersDataSavingProcessingService : player not found in external search 756
2025-08-23 03:10:33.058  INFO 8076 --- [scheduling-1] c.y.f.scores365.ScoresService            : searching player in 365 scores search url https://webws.365scores.com/web/search/?appTypeId=5&query=Jofre Torrents&filter=all
2025-08-23 03:10:33.376  INFO 8076 --- [scheduling-1] y.f.r.PlayersDataSavingProcessingService : player from external search, player id 491250 player name Jofre Torrents Salvat
2025-08-23 03:10:33.440  INFO 8076 --- [scheduling-1] c.y.f.scores365.ScoresService            : searching player in 365 scores search url https://webws.365scores.com/web/search/?appTypeId=5&query=Cody Mathes&filter=all
2025-08-23 03:10:33.695  INFO 8076 --- [scheduling-1] y.f.r.PlayersDataSavingProcessingService : player not found in external search 247
2025-08-23 03:10:33.695  INFO 8076 --- [scheduling-1] c.y.f.scores365.ScoresService            : searching player in 365 scores search url https://webws.365scores.com/web/search/?appTypeId=5&query=Aurelien Djani&filter=all
2025-08-23 03:10:33.805  INFO 8076 --- [scheduling-1] y.f.r.PlayersDataSavingProcessingService : player not found in external search 1271
2025-08-23 03:10:33.805  INFO 8076 --- [scheduling-1] c.y.f.scores365.ScoresService            : searching player in 365 scores search url https://webws.365scores.com/web/search/?appTypeId=5&query=Vinicius Jose&filter=all
2025-08-23 03:10:34.171  INFO 8076 --- [scheduling-1] y.f.r.PlayersDataSavingProcessingService : player not found in external search 762
2025-08-23 03:10:34.171  INFO 8076 --- [scheduling-1] c.y.f.scores365.ScoresService            : searching player in 365 scores search url https://webws.365scores.com/web/search/?appTypeId=5&query=Marcos Aoas&filter=all
2025-08-23 03:10:34.268  INFO 8076 --- [scheduling-1] y.f.r.PlayersDataSavingProcessingService : player not found in external search 257
2025-08-23 03:10:34.268  INFO 8076 --- [scheduling-1] c.y.f.scores365.ScoresService            : searching player in 365 scores search url https://webws.365scores.com/web/search/?appTypeId=5&query=Estevao Willian&filter=all
2025-08-23 03:10:34.362  INFO 8076 --- [scheduling-1] y.f.r.PlayersDataSavingProcessingService : player not found in external search 425733
2025-08-23 03:10:34.362  INFO 8076 --- [scheduling-1] c.y.f.scores365.ScoresService            : searching player in 365 scores search url https://webws.365scores.com/web/search/?appTypeId=5&query=Martin Odegaard&filter=all
2025-08-23 03:10:34.473  INFO 8076 --- [scheduling-1] y.f.r.PlayersDataSavingProcessingService : player from external search, player id 37127 player name Martin Ødegaard
2025-08-23 03:10:34.525  INFO 8076 --- [scheduling-1] c.y.f.scores365.ScoresService            : searching player in 365 scores search url https://webws.365scores.com/web/search/?appTypeId=5&query=Trevoh Thomas&filter=all
2025-08-23 03:10:34.734  INFO 8076 --- [scheduling-1] y.f.r.PlayersDataSavingProcessingService : player not found in external search 19720
2025-08-23 03:10:34.734  INFO 8076 --- [scheduling-1] c.y.f.scores365.ScoresService            : searching player in 365 scores search url https://webws.365scores.com/web/search/?appTypeId=5&query=Lamine Yamal&filter=all
2025-08-23 03:10:34.863  INFO 8076 --- [scheduling-1] y.f.r.PlayersDataSavingProcessingService : player from external search, player id 386828 player name Lamine Yamal Nasraoui Ebana
2025-08-23 03:10:34.926  INFO 8076 --- [scheduling-1] c.y.f.scores365.ScoresService            : searching player in 365 scores search url https://webws.365scores.com/web/search/?appTypeId=5&query=Micky van&filter=all
2025-08-23 03:10:35.025  INFO 8076 --- [scheduling-1] y.f.r.PlayersDataSavingProcessingService : player from external search, player id 152849 player name Micky van de Ven
2025-08-23 03:10:35.086  INFO 8076 --- [scheduling-1] c.y.f.scores365.ScoresService            : searching player in 365 scores search url https://webws.365scores.com/web/search/?appTypeId=5&query=Marc Cucurella&filter=all
2025-08-23 03:10:35.181  INFO 8076 --- [scheduling-1] y.f.r.PlayersDataSavingProcessingService : player from external search, player id 47380 player name Marc Cucurella Saseta
2025-08-23 03:10:35.245  INFO 8076 --- [scheduling-1] c.y.f.scores365.ScoresService            : searching player in 365 scores search url https://webws.365scores.com/web/search/?appTypeId=5&query=Mason Tony&filter=all
2025-08-23 03:10:35.326  INFO 8076 --- [scheduling-1] y.f.r.PlayersDataSavingProcessingService : player not found in external search 19220
2025-08-23 03:10:35.326  INFO 8076 --- [scheduling-1] c.y.f.scores365.ScoresService            : searching player in 365 scores search url https://webws.365scores.com/web/search/?appTypeId=5&query=Warren Zaire-Emery&filter=all
2025-08-23 03:10:35.422  INFO 8076 --- [scheduling-1] y.f.r.PlayersDataSavingProcessingService : player from external search, player id 336657 player name Warren Zaïre-Emery
2025-08-23 03:10:35.486  INFO 8076 --- [scheduling-1] c.y.f.scores365.ScoresService            : searching player in 365 scores search url https://webws.365scores.com/web/search/?appTypeId=5&query=Kylian Mbappe&filter=all
2025-08-23 03:10:35.582  INFO 8076 --- [scheduling-1] y.f.r.PlayersDataSavingProcessingService : player from external search, player id 278 player name Kylian Mbappé Lottin
2025-08-23 03:10:35.646  INFO 8076 --- [scheduling-1] c.y.f.scores365.ScoresService            : searching player in 365 scores search url https://webws.365scores.com/web/search/?appTypeId=5&query=Alisson Ramses&filter=all
2025-08-23 03:10:35.742  INFO 8076 --- [scheduling-1] y.f.r.PlayersDataSavingProcessingService : player not found in external search 280
2025-08-23 03:10:35.742  INFO 8076 --- [scheduling-1] c.y.f.scores365.ScoresService            : searching player in 365 scores search url https://webws.365scores.com/web/search/?appTypeId=5&query=Gabriel Teodoro&filter=all
2025-08-23 03:10:36.099  INFO 8076 --- [scheduling-1] y.f.r.PlayersDataSavingProcessingService : player not found in external search 127769
2025-08-23 03:10:36.099  INFO 8076 --- [scheduling-1] c.y.f.scores365.ScoresService            : searching player in 365 scores search url https://webws.365scores.com/web/search/?appTypeId=5&query=Rodrygo Silva&filter=all
2025-08-23 03:10:36.203  INFO 8076 --- [scheduling-1] y.f.r.PlayersDataSavingProcessingService : player from external search, player id 10009 player name Rodrygo Silva de Goes
2025-08-23 03:10:36.268  INFO 8076 --- [scheduling-1] c.y.f.scores365.ScoresService            : searching player in 365 scores search url https://webws.365scores.com/web/search/?appTypeId=5&query=Trent John&filter=all
2025-08-23 03:10:36.347  INFO 8076 --- [scheduling-1] y.f.r.PlayersDataSavingProcessingService : player from external search, player id 283 player name Trent John Alexander-Arnold
2025-08-23 03:10:36.412  INFO 8076 --- [scheduling-1] c.y.f.scores365.ScoresService            : searching player in 365 scores search url https://webws.365scores.com/web/search/?appTypeId=5&query=Joseph Dave&filter=all
2025-08-23 03:10:36.511  INFO 8076 --- [scheduling-1] y.f.r.PlayersDataSavingProcessingService : player not found in external search 284
2025-08-23 03:10:36.511  INFO 8076 --- [scheduling-1] c.y.f.scores365.ScoresService            : searching player in 365 scores search url https://webws.365scores.com/web/search/?appTypeId=5&query=Andrew Henry&filter=all
2025-08-23 03:10:36.733  INFO 8076 --- [scheduling-1] y.f.r.PlayersDataSavingProcessingService : player not found in external search 289
2025-08-23 03:10:36.733  INFO 8076 --- [scheduling-1] c.y.f.scores365.ScoresService            : searching player in 365 scores search url https://webws.365scores.com/web/search/?appTypeId=5&query=Virgil van&filter=all
2025-08-23 03:10:36.828  INFO 8076 --- [scheduling-1] y.f.r.PlayersDataSavingProcessingService : player from external search, player id 290 player name Virgil van Dijk
2025-08-23 03:10:36.891  INFO 8076 --- [scheduling-1] c.y.f.scores365.ScoresService            : searching player in 365 scores search url https://webws.365scores.com/web/search/?appTypeId=5&query=Diop Tehuti&filter=all
2025-08-23 03:10:36.971  INFO 8076 --- [scheduling-1] y.f.r.PlayersDataSavingProcessingService : player not found in external search 19235
2025-08-23 03:10:36.986  INFO 8076 --- [scheduling-1] c.y.f.scores365.ScoresService            : searching player in 365 scores search url https://webws.365scores.com/web/search/?appTypeId=5&query=Curtis Julian&filter=all
2025-08-23 03:10:37.067  INFO 8076 --- [scheduling-1] y.f.r.PlayersDataSavingProcessingService : player not found in external search 293
2025-08-23 03:10:37.067  INFO 8076 --- [scheduling-1] c.y.f.scores365.ScoresService            : searching player in 365 scores search url https://webws.365scores.com/web/search/?appTypeId=5&query=Manuel Ugarte&filter=all
2025-08-23 03:10:37.162  INFO 8076 --- [scheduling-1] y.f.r.PlayersDataSavingProcessingService : player from external search, player id 51494 player name Manuel Ugarte Ribeiro
2025-08-23 03:10:37.226  INFO 8076 --- [scheduling-1] c.y.f.scores365.ScoresService            : searching player in 365 scores search url https://webws.365scores.com/web/search/?appTypeId=5&query=Andriy Lunin&filter=all
2025-08-23 03:10:37.531  INFO 8076 --- [scheduling-1] y.f.r.PlayersDataSavingProcessingService : player from external search, player id 47400 player name Andriy Lunin
2025-08-23 03:10:37.594  INFO 8076 --- [scheduling-1] c.y.f.scores365.ScoresService            : searching player in 365 scores search url https://webws.365scores.com/web/search/?appTypeId=5&query=Daniel Olmo&filter=all
2025-08-23 03:10:37.615  INFO 8076 --- [scheduling-1] y.f.r.PlayersDataSavingProcessingService : player from external search, player id 1323 player name Daniel Olmo Carvajal
2025-08-23 03:10:37.675  INFO 8076 --- [scheduling-1] c.y.f.scores365.ScoresService            : searching player in 365 scores search url https://webws.365scores.com/web/search/?appTypeId=5&query=Alexander Sorloth&filter=all
2025-08-23 03:10:37.771  INFO 8076 --- [scheduling-1] y.f.r.PlayersDataSavingProcessingService : player from external search, player id 8492 player name Alexander Sørloth
2025-08-23 03:10:37.835  INFO 8076 --- [scheduling-1] c.y.f.scores365.ScoresService            : searching player in 365 scores search url https://webws.365scores.com/web/search/?appTypeId=5&query=Amad Diallo&filter=all
2025-08-23 03:10:37.915  INFO 8076 --- [scheduling-1] y.f.r.PlayersDataSavingProcessingService : player from external search, player id 157997 player name Amad Diallo Traoré
2025-08-23 03:10:37.978  INFO 8076 --- [scheduling-1] c.y.f.scores365.ScoresService            : searching player in 365 scores search url https://webws.365scores.com/web/search/?appTypeId=5&query=Ibrahim Mbaye&filter=all
2025-08-23 03:10:38.058  INFO 8076 --- [scheduling-1] y.f.r.PlayersDataSavingProcessingService : player from external search, player id 446249 player name Ibrahim Mbaye
2025-08-23 03:10:38.123  INFO 8076 --- [scheduling-1] c.y.f.scores365.ScoresService            : searching player in 365 scores search url https://webws.365scores.com/web/search/?appTypeId=5&query=Mohamed Salah&filter=all
2025-08-23 03:10:38.218  INFO 8076 --- [scheduling-1] y.f.r.PlayersDataSavingProcessingService : player from external search, player id 306 player name Mohamed Salah Hamed Mahrous Ghaly
2025-08-23 03:10:38.281  INFO 8076 --- [scheduling-1] c.y.f.scores365.ScoresService            : searching player in 365 scores search url https://webws.365scores.com/web/search/?appTypeId=5&query=Wataru Endo&filter=all
2025-08-23 03:10:38.378  INFO 8076 --- [scheduling-1] y.f.r.PlayersDataSavingProcessingService : player from external search, player id 8500 player name Wataru Endo
2025-08-23 03:10:38.442  INFO 8076 --- [scheduling-1] c.y.f.scores365.ScoresService            : searching player in 365 scores search url https://webws.365scores.com/web/search/?appTypeId=5&query=Sergio Mestre&filter=all
2025-08-23 03:10:38.538  INFO 8076 --- [scheduling-1] y.f.r.PlayersDataSavingProcessingService : player from external search, player id 386872 player name Sergio Mestre Sánchez
2025-08-23 03:10:38.601  INFO 8076 --- [scheduling-1] c.y.f.scores365.ScoresService            : searching player in 365 scores search url https://webws.365scores.com/web/search/?appTypeId=5&query=Nuno Alexandre&filter=all
2025-08-23 03:10:38.697  INFO 8076 --- [scheduling-1] y.f.r.PlayersDataSavingProcessingService : player from external search, player id 263482 player name Nuno Alexandre Tavares Mendes
2025-08-23 03:10:38.761  INFO 8076 --- [scheduling-1] c.y.f.scores365.ScoresService            : searching player in 365 scores search url https://webws.365scores.com/web/search/?appTypeId=5&query=Mathis Rayan&filter=all
2025-08-23 03:10:38.984  INFO 8076 --- [scheduling-1] y.f.r.PlayersDataSavingProcessingService : player not found in external search 156477
2025-08-23 03:10:38.984  INFO 8076 --- [scheduling-1] c.y.f.scores365.ScoresService            : searching player in 365 scores search url https://webws.365scores.com/web/search/?appTypeId=5&query=Gonzalo Garcia&filter=all
2025-08-23 03:10:39.288  INFO 8076 --- [scheduling-1] y.f.r.PlayersDataSavingProcessingService : player from external search, player id 336711 player name Gonzalo García Torres
2025-08-23 03:10:39.367  INFO 8076 --- [scheduling-1] c.y.f.scores365.ScoresService            : searching player in 365 scores search url https://webws.365scores.com/web/search/?appTypeId=5&query=Pedro Lomba&filter=all
2025-08-23 03:10:39.462  INFO 8076 --- [scheduling-1] y.f.r.PlayersDataSavingProcessingService : player not found in external search 1864
2025-08-23 03:10:39.462  INFO 8076 --- [scheduling-1] c.y.f.scores365.ScoresService            : searching player in 365 scores search url https://webws.365scores.com/web/search/?appTypeId=5&query=Fabian Ruiz&filter=all
2025-08-23 03:10:39.559  INFO 8076 --- [scheduling-1] y.f.r.PlayersDataSavingProcessingService : player from external search, player id 328 player name Fabián Ruiz Peña
2025-08-23 03:10:39.622  INFO 8076 --- [scheduling-1] c.y.f.scores365.ScoresService            : searching player in 365 scores search url https://webws.365scores.com/web/search/?appTypeId=5&query=Pau Cubarsi&filter=all
2025-08-23 03:10:39.702  INFO 8076 --- [scheduling-1] y.f.r.PlayersDataSavingProcessingService : player from external search, player id 396623 player name Pau Cubarsí Paredes
2025-08-23 03:10:39.766  INFO 8076 --- [scheduling-1] c.y.f.scores365.ScoresService            : searching player in 365 scores search url https://webws.365scores.com/web/search/?appTypeId=5&query=Giacomo Raspadori&filter=all
2025-08-23 03:10:39.846  INFO 8076 --- [scheduling-1] y.f.r.PlayersDataSavingProcessingService : player from external search, player id 30543 player name Giacomo Raspadori
2025-08-23 03:10:39.910  INFO 8076 --- [scheduling-1] c.y.f.scores365.ScoresService            : searching player in 365 scores search url https://webws.365scores.com/web/search/?appTypeId=5&query=Jurrien David&filter=all
2025-08-23 03:10:40.015  INFO 8076 --- [scheduling-1] y.f.r.PlayersDataSavingProcessingService : player not found in external search 38746
2025-08-23 03:10:40.015  INFO 8076 --- [scheduling-1] c.y.f.scores365.ScoresService            : searching player in 365 scores search url https://webws.365scores.com/web/search/?appTypeId=5&query=Giuliano Simeone&filter=all
2025-08-23 03:10:40.102  INFO 8076 --- [scheduling-1] y.f.r.PlayersDataSavingProcessingService : player from external search, player id 323935 player name Giuliano Simeone Baldini
2025-08-23 03:10:40.167  INFO 8076 --- [scheduling-1] c.y.f.scores365.ScoresService            : searching player in 365 scores search url https://webws.365scores.com/web/search/?appTypeId=5&query=Rodrigo Bentancur&filter=all
2025-08-23 03:10:40.247  INFO 8076 --- [scheduling-1] y.f.r.PlayersDataSavingProcessingService : player from external search, player id 863 player name Rodrigo Bentancur Colmán
2025-08-23 03:10:40.311  INFO 8076 --- [scheduling-1] c.y.f.scores365.ScoresService            : searching player in 365 scores search url https://webws.365scores.com/web/search/?appTypeId=5&query=Nahuel Molina&filter=all
2025-08-23 03:10:40.416  INFO 8076 --- [scheduling-1] y.f.r.PlayersDataSavingProcessingService : player from external search, player id 6503 player name Nahuel Molina Lucero
2025-08-23 03:10:40.472  INFO 8076 --- [scheduling-1] c.y.f.scores365.ScoresService            : searching player in 365 scores search url https://webws.365scores.com/web/search/?appTypeId=5&query=Enzo Jeremias&filter=all
2025-08-23 03:10:40.568  INFO 8076 --- [scheduling-1] y.f.r.PlayersDataSavingProcessingService : player from external search, player id 5996 player name Enzo Jeremías Fernández
2025-08-23 03:10:40.633  INFO 8076 --- [scheduling-1] c.y.f.scores365.ScoresService            : searching player in 365 scores search url https://webws.365scores.com/web/search/?appTypeId=5&query=Richarlison de&filter=all
2025-08-23 03:10:40.858  INFO 8076 --- [scheduling-1] y.f.r.PlayersDataSavingProcessingService : player not found in external search 2413
2025-08-23 03:10:40.858  INFO 8076 --- [scheduling-1] c.y.f.scores365.ScoresService            : searching player in 365 scores search url https://webws.365scores.com/web/search/?appTypeId=5&query=Renato Bellucci&filter=all
2025-08-23 03:10:40.969  INFO 8076 --- [scheduling-1] y.f.r.PlayersDataSavingProcessingService : player from external search, player id 437099 player name Renato Bellucci Marin
2025-08-23 03:10:41.032  INFO 8076 --- [scheduling-1] c.y.f.scores365.ScoresService            : searching player in 365 scores search url https://webws.365scores.com/web/search/?appTypeId=5&query=Thomas David&filter=all
2025-08-23 03:10:41.127  INFO 8076 --- [scheduling-1] y.f.r.PlayersDataSavingProcessingService : player not found in external search 2931
2025-08-23 03:10:41.127  INFO 8076 --- [scheduling-1] c.y.f.scores365.ScoresService            : searching player in 365 scores search url https://webws.365scores.com/web/search/?appTypeId=5&query=Eder Gabriel&filter=all
2025-08-23 03:10:41.222  INFO 8076 --- [scheduling-1] y.f.r.PlayersDataSavingProcessingService : player not found in external search 372
2025-08-23 03:10:41.222  INFO 8076 --- [scheduling-1] c.y.f.scores365.ScoresService            : searching player in 365 scores search url https://webws.365scores.com/web/search/?appTypeId=5&query=Marc Pubill&filter=all
2025-08-23 03:10:41.319  INFO 8076 --- [scheduling-1] y.f.r.PlayersDataSavingProcessingService : player from external search, player id 295793 player name Marc Pubill Pagès
2025-08-23 03:10:41.380  INFO 8076 --- [scheduling-1] c.y.f.scores365.ScoresService            : searching player in 365 scores search url https://webws.365scores.com/web/search/?appTypeId=5&query=Jose Diogo&filter=all
2025-08-23 03:10:41.460  INFO 8076 --- [scheduling-1] y.f.r.PlayersDataSavingProcessingService : player not found in external search 886
2025-08-23 03:10:41.460  INFO 8076 --- [scheduling-1] c.y.f.scores365.ScoresService            : searching player in 365 scores search url https://webws.365scores.com/web/search/?appTypeId=5&query=Cristhian Andrey&filter=all
2025-08-23 03:10:41.555  INFO 8076 --- [scheduling-1] y.f.r.PlayersDataSavingProcessingService : player not found in external search 333682
2025-08-23 03:10:41.555  INFO 8076 --- [scheduling-1] c.y.f.scores365.ScoresService            : searching player in 365 scores search url https://webws.365scores.com/web/search/?appTypeId=5&query=Jacob Harry&filter=all
2025-08-23 03:10:41.649  INFO 8076 --- [scheduling-1] y.f.r.PlayersDataSavingProcessingService : player not found in external search 2935
2025-08-23 03:10:41.649  INFO 8076 --- [scheduling-1] c.y.f.scores365.ScoresService            : searching player in 365 scores search url https://webws.365scores.com/web/search/?appTypeId=5&query=Declan Rice&filter=all
2025-08-23 03:10:41.744  INFO 8076 --- [scheduling-1] y.f.r.PlayersDataSavingProcessingService : player from external search, player id 2937 player name Declan Rice
2025-08-23 03:10:41.806  INFO 8076 --- [scheduling-1] c.y.f.scores365.ScoresService            : searching player in 365 scores search url https://webws.365scores.com/web/search/?appTypeId=5&query=Julian Alvarez&filter=all
2025-08-23 03:10:41.996  INFO 8076 --- [scheduling-1] y.f.r.PlayersDataSavingProcessingService : player from external search, player id 6009 player name Julián Álvarez
2025-08-23 03:10:42.060  INFO 8076 --- [scheduling-1] c.y.f.scores365.ScoresService            : searching player in 365 scores search url https://webws.365scores.com/web/search/?appTypeId=5&query=Luke Paul&filter=all
2025-08-23 03:10:42.154  INFO 8076 --- [scheduling-1] y.f.r.PlayersDataSavingProcessingService : player not found in external search 891
2025-08-23 03:10:42.154  INFO 8076 --- [scheduling-1] c.y.f.scores365.ScoresService            : searching player in 365 scores search url https://webws.365scores.com/web/search/?appTypeId=5&query=Riccardo Calafiori&filter=all
2025-08-23 03:10:42.250  INFO 8076 --- [scheduling-1] y.f.r.PlayersDataSavingProcessingService : player from external search, player id 157052 player name Riccardo Calafiori
2025-08-23 03:10:42.313  INFO 8076 --- [scheduling-1] c.y.f.scores365.ScoresService            : searching player in 365 scores search url https://webws.365scores.com/web/search/?appTypeId=5&query=Vitor Machado&filter=all
2025-08-23 03:10:42.393  INFO 8076 --- [scheduling-1] y.f.r.PlayersDataSavingProcessingService : player from external search, player id 128384 player name Vítor Machado Ferreira
2025-08-23 03:10:42.457  INFO 8076 --- [scheduling-1] c.y.f.scores365.ScoresService            : searching player in 365 scores search url https://webws.365scores.com/web/search/?appTypeId=5&query=Benjamin Sesko&filter=all
2025-08-23 03:10:42.553  INFO 8076 --- [scheduling-1] y.f.r.PlayersDataSavingProcessingService : player from external search, player id 115589 player name Benjamin Šeško
2025-08-23 03:10:42.616  INFO 8076 --- [scheduling-1] c.y.f.scores365.ScoresService            : searching player in 365 scores search url https://webws.365scores.com/web/search/?appTypeId=5&query=Conor John&filter=all
2025-08-23 03:10:42.696  INFO 8076 --- [scheduling-1] y.f.r.PlayersDataSavingProcessingService : player not found in external search 67972
2025-08-23 03:10:42.696  INFO 8076 --- [scheduling-1] c.y.f.scores365.ScoresService            : searching player in 365 scores search url https://webws.365scores.com/web/search/?appTypeId=5&query=Illia Zabarnyi&filter=all
2025-08-23 03:10:42.807  INFO 8076 --- [scheduling-1] y.f.r.PlayersDataSavingProcessingService : player from external search, player id 161671 player name Illia Zabarnyi
2025-08-23 03:10:42.870  INFO 8076 --- [scheduling-1] c.y.f.scores365.ScoresService            : searching player in 365 scores search url https://webws.365scores.com/web/search/?appTypeId=5&query=Marcus Rashford&filter=all
2025-08-23 03:10:42.886  INFO 8076 --- [scheduling-1] y.f.r.PlayersDataSavingProcessingService : player from external search, player id 909 player name Marcus Rashford
2025-08-23 03:10:42.950  INFO 8076 --- [scheduling-1] c.y.f.scores365.ScoresService            : searching player in 365 scores search url https://webws.365scores.com/web/search/?appTypeId=5&query=Jeremy Baffour&filter=all
2025-08-23 03:10:43.031  INFO 8076 --- [scheduling-1] y.f.r.PlayersDataSavingProcessingService : player not found in external search 1422
2025-08-23 03:10:43.031  INFO 8076 --- [scheduling-1] c.y.f.scores365.ScoresService            : searching player in 365 scores search url https://webws.365scores.com/web/search/?appTypeId=5&query=Ethan Chidiebere&filter=all
2025-08-23 03:10:43.299  INFO 8076 --- [scheduling-1] y.f.r.PlayersDataSavingProcessingService : player not found in external search 313236
2025-08-23 03:10:43.299  INFO 8076 --- [scheduling-1] c.y.f.scores365.ScoresService            : searching player in 365 scores search url https://webws.365scores.com/web/search/?appTypeId=5&query=Moises Isaac&filter=all
2025-08-23 03:10:43.394  INFO 8076 --- [scheduling-1] y.f.r.PlayersDataSavingProcessingService : player not found in external search 116117
2025-08-23 03:10:43.394  INFO 8076 --- [scheduling-1] c.y.f.scores365.ScoresService            : searching player in 365 scores search url https://webws.365scores.com/web/search/?appTypeId=5&query=Cole Jermaine&filter=all
2025-08-23 03:10:43.506  INFO 8076 --- [scheduling-1] y.f.r.PlayersDataSavingProcessingService : player not found in external search 152982
2025-08-23 03:10:43.506  INFO 8076 --- [scheduling-1] c.y.f.scores365.ScoresService            : searching player in 365 scores search url https://webws.365scores.com/web/search/?appTypeId=5&query=Guillermo Fernandez&filter=all
2025-08-23 03:10:43.538  INFO 8076 --- [scheduling-1] y.f.r.PlayersDataSavingProcessingService : player from external search, player id 441232 player name Guillermo Fernández Casino
2025-08-23 03:10:43.601  INFO 8076 --- [scheduling-1] c.y.f.scores365.ScoresService            : searching player in 365 scores search url https://webws.365scores.com/web/search/?appTypeId=5&query=Myles Anthony&filter=all
2025-08-23 03:10:43.696  INFO 8076 --- [scheduling-1] y.f.r.PlayersDataSavingProcessingService : player not found in external search 313245
2025-08-23 03:10:43.696  INFO 8076 --- [scheduling-1] c.y.f.scores365.ScoresService            : searching player in 365 scores search url https://webws.365scores.com/web/search/?appTypeId=5&query=Leandro Trossard&filter=all
2025-08-23 03:10:43.791  INFO 8076 --- [scheduling-1] y.f.r.PlayersDataSavingProcessingService : player from external search, player id 1946 player name Leandro Trossard
2025-08-23 03:10:43.854  INFO 8076 --- [scheduling-1] c.y.f.scores365.ScoresService            : searching player in 365 scores search url https://webws.365scores.com/web/search/?appTypeId=5&query=Filip Jorgensen&filter=all
2025-08-23 03:10:44.092  INFO 8076 --- [scheduling-1] y.f.r.PlayersDataSavingProcessingService : player from external search, player id 286616 player name Filip Jörgensen
2025-08-23 03:10:44.155  INFO 8076 --- [scheduling-1] c.y.f.scores365.ScoresService            : searching player in 365 scores search url https://webws.365scores.com/web/search/?appTypeId=5&query=Archie James&filter=all
2025-08-23 03:10:44.234  INFO 8076 --- [scheduling-1] y.f.r.PlayersDataSavingProcessingService : player not found in external search 328089
2025-08-23 03:10:44.234  INFO 8076 --- [scheduling-1] c.y.f.scores365.ScoresService            : searching player in 365 scores search url https://webws.365scores.com/web/search/?appTypeId=5&query=Ayden Heaven&filter=all
2025-08-23 03:10:44.579  INFO 8076 --- [scheduling-1] y.f.r.PlayersDataSavingProcessingService : player from external search, player id 402329 player name Ayden Heaven
2025-08-23 03:10:44.642  INFO 8076 --- [scheduling-1] c.y.f.scores365.ScoresService            : searching player in 365 scores search url https://webws.365scores.com/web/search/?appTypeId=5&query=Pedro Antonio&filter=all
2025-08-23 03:10:44.754  INFO 8076 --- [scheduling-1] y.f.r.PlayersDataSavingProcessingService : player from external search, player id 47519 player name Pedro Antonio Porro Sauceda
2025-08-23 03:10:44.816  INFO 8076 --- [scheduling-1] c.y.f.scores365.ScoresService            : searching player in 365 scores search url https://webws.365scores.com/web/search/?appTypeId=5&query=Kang-In Lee&filter=all
2025-08-23 03:10:44.897  INFO 8076 --- [scheduling-1] y.f.r.PlayersDataSavingProcessingService : player from external search, player id 927 player name Kang-In Lee
2025-08-23 03:10:44.960  INFO 8076 --- [scheduling-1] c.y.f.scores365.ScoresService            : searching player in 365 scores search url https://webws.365scores.com/web/search/?appTypeId=5&query=Tyler Fredricson&filter=all
2025-08-23 03:10:45.070  INFO 8076 --- [scheduling-1] y.f.r.PlayersDataSavingProcessingService : player from external search, player id 328101 player name Tyler Fredricson
2025-08-23 03:10:45.135  INFO 8076 --- [scheduling-1] c.y.f.scores365.ScoresService            : searching player in 365 scores search url https://webws.365scores.com/web/search/?appTypeId=5&query=Juan Agustin&filter=all
2025-08-23 03:10:45.227  INFO 8076 --- [scheduling-1] y.f.r.PlayersDataSavingProcessingService : player not found in external search 2465
2025-08-23 03:10:45.227  INFO 8076 --- [scheduling-1] c.y.f.scores365.ScoresService            : searching player in 365 scores search url https://webws.365scores.com/web/search/?appTypeId=5&query=Ferran Torres&filter=all
2025-08-23 03:10:45.328  INFO 8076 --- [scheduling-1] y.f.r.PlayersDataSavingProcessingService : player from external search, player id 931 player name Ferran Torres García
2025-08-23 03:10:45.391  INFO 8076 --- [scheduling-1] c.y.f.scores365.ScoresService            : searching player in 365 scores search url https://webws.365scores.com/web/search/?appTypeId=5&query=Stefan Ortega&filter=all
2025-08-23 03:10:45.470  INFO 8076 --- [scheduling-1] y.f.r.PlayersDataSavingProcessingService : player from external search, player id 25004 player name Stefan Ortega Moreno
2025-08-23 03:10:45.534  INFO 8076 --- [scheduling-1] c.y.f.scores365.ScoresService            : searching player in 365 scores search url https://webws.365scores.com/web/search/?appTypeId=5&query=Nathan Benjamin&filter=all
2025-08-23 03:10:45.628  INFO 8076 --- [scheduling-1] y.f.r.PlayersDataSavingProcessingService : player not found in external search 18861
2025-08-23 03:10:45.628  INFO 8076 --- [scheduling-1] c.y.f.scores365.ScoresService            : searching player in 365 scores search url https://webws.365scores.com/web/search/?appTypeId=5&query=Milos Kerkez&filter=all
2025-08-23 03:10:45.729  INFO 8076 --- [scheduling-1] y.f.r.PlayersDataSavingProcessingService : player from external search, player id 206254 player name Miloš Kerkez
2025-08-23 03:10:45.788  INFO 8076 --- [scheduling-1] c.y.f.scores365.ScoresService            : searching player in 365 scores search url https://webws.365scores.com/web/search/?appTypeId=5&query=Thiago Ezequiel&filter=all
2025-08-23 03:10:45.867  INFO 8076 --- [scheduling-1] y.f.r.PlayersDataSavingProcessingService : player not found in external search 6067
2025-08-23 03:10:45.867  INFO 8076 --- [scheduling-1] c.y.f.scores365.ScoresService            : searching player in 365 scores search url https://webws.365scores.com/web/search/?appTypeId=5&query=Bukayo Ayoyinka&filter=all
2025-08-23 03:10:45.962  INFO 8076 --- [scheduling-1] y.f.r.PlayersDataSavingProcessingService : player not found in external search 1460
2025-08-23 03:10:45.962  INFO 8076 --- [scheduling-1] c.y.f.scores365.ScoresService            : searching player in 365 scores search url https://webws.365scores.com/web/search/?appTypeId=5&query=Ronald Federico&filter=all
2025-08-23 03:10:45.994  INFO 8076 --- [scheduling-1] y.f.r.PlayersDataSavingProcessingService : player not found in external search 101814
2025-08-23 03:10:45.994  INFO 8076 --- [scheduling-1] c.y.f.scores365.ScoresService            : searching player in 365 scores search url https://webws.365scores.com/web/search/?appTypeId=5&query=Nico O'Reilly&filter=all
2025-08-23 03:10:46.094  INFO 8076 --- [scheduling-1] y.f.r.PlayersDataSavingProcessingService : player from external search, player id 307123 player name Nico O'Reilly
2025-08-23 03:10:46.156  INFO 8076 --- [scheduling-1] c.y.f.scores365.ScoresService            : searching player in 365 scores search url https://webws.365scores.com/web/search/?appTypeId=5&query=Joan Garcia&filter=all
2025-08-23 03:10:46.239  INFO 8076 --- [scheduling-1] y.f.r.PlayersDataSavingProcessingService : player from external search, player id 182718 player name Joan García Pons
2025-08-23 03:10:46.298  INFO 8076 --- [scheduling-1] c.y.f.scores365.ScoresService            : searching player in 365 scores search url https://webws.365scores.com/web/search/?appTypeId=5&query=Leny Yoro&filter=all
2025-08-23 03:10:46.650  INFO 8076 --- [scheduling-1] y.f.r.PlayersDataSavingProcessingService : player from external search, player id 342970 player name Leny Yoro
2025-08-23 03:10:46.714  INFO 8076 --- [scheduling-1] c.y.f.scores365.ScoresService            : searching player in 365 scores search url https://webws.365scores.com/web/search/?appTypeId=5&query=Dario Cassia&filter=all
2025-08-23 03:10:46.985  INFO 8076 --- [scheduling-1] y.f.r.PlayersDataSavingProcessingService : player not found in external search 308678
2025-08-23 03:10:46.985  INFO 8076 --- [scheduling-1] c.y.f.scores365.ScoresService            : searching player in 365 scores search url https://webws.365scores.com/web/search/?appTypeId=5&query=Dominic Ayodele&filter=all
2025-08-23 03:10:47.080  INFO 8076 --- [scheduling-1] y.f.r.PlayersDataSavingProcessingService : player not found in external search 18883
2025-08-23 03:10:47.080  INFO 8076 --- [scheduling-1] c.y.f.scores365.ScoresService            : searching player in 365 scores search url https://webws.365scores.com/web/search/?appTypeId=5&query=Luka Vuskovic&filter=all
2025-08-23 03:10:47.176  INFO 8076 --- [scheduling-1] y.f.r.PlayersDataSavingProcessingService : player from external search, player id 387521 player name Luka Vušković
2025-08-23 03:10:47.239  INFO 8076 --- [scheduling-1] c.y.f.scores365.ScoresService            : searching player in 365 scores search url https://webws.365scores.com/web/search/?appTypeId=5&query=Alejandro Baena&filter=all
2025-08-23 03:10:47.318  INFO 8076 --- [scheduling-1] y.f.r.PlayersDataSavingProcessingService : player not found in external search 182219
2025-08-23 03:10:47.318  INFO 8076 --- [scheduling-1] c.y.f.scores365.ScoresService            : searching player in 365 scores search url https://webws.365scores.com/web/search/?appTypeId=5&query=Bruno Miguel&filter=all
2025-08-23 03:10:47.414  INFO 8076 --- [scheduling-1] y.f.r.PlayersDataSavingProcessingService : player from external search, player id 1485 player name Bruno Miguel Borges Fernandes
2025-08-23 03:10:47.477  INFO 8076 --- [scheduling-1] c.y.f.scores365.ScoresService            : searching player in 365 scores search url https://webws.365scores.com/web/search/?appTypeId=5&query=Javier Galan&filter=all
2025-08-23 03:10:47.700  INFO 8076 --- [scheduling-1] y.f.r.PlayersDataSavingProcessingService : player from external search, player id 47566 player name Javier Galán Gil
2025-08-23 03:10:47.764  INFO 8076 --- [scheduling-1] c.y.f.scores365.ScoresService            : searching player in 365 scores search url https://webws.365scores.com/web/search/?appTypeId=5&query=Kai Lukas&filter=all
2025-08-23 03:10:47.940  INFO 8076 --- [scheduling-1] y.f.r.PlayersDataSavingProcessingService : player not found in external search 978
2025-08-23 03:10:47.940  INFO 8076 --- [scheduling-1] c.y.f.scores365.ScoresService            : searching player in 365 scores search url https://webws.365scores.com/web/search/?appTypeId=5&query=Altay Bayindir&filter=all
2025-08-23 03:10:48.179  INFO 8076 --- [scheduling-1] y.f.r.PlayersDataSavingProcessingService : player from external search, player id 50132 player name Altay Bayındır
2025-08-23 03:10:48.242  INFO 8076 --- [scheduling-1] c.y.f.scores365.ScoresService            : searching player in 365 scores search url https://webws.365scores.com/web/search/?appTypeId=5&query=Joshua Orobosa&filter=all
2025-08-23 03:10:48.336  INFO 8076 --- [scheduling-1] y.f.r.PlayersDataSavingProcessingService : player not found in external search 70100
2025-08-23 03:10:48.337  INFO 8076 --- [scheduling-1] c.y.f.scores365.ScoresService            : searching player in 365 scores search url https://webws.365scores.com/web/search/?appTypeId=5&query=Raphael Dias&filter=all
2025-08-23 03:10:48.417  INFO 8076 --- [scheduling-1] y.f.r.PlayersDataSavingProcessingService : player not found in external search 1496
2025-08-23 03:10:48.417  INFO 8076 --- [scheduling-1] c.y.f.scores365.ScoresService            : searching player in 365 scores search url https://webws.365scores.com/web/search/?appTypeId=5&query=Florian Richard&filter=all
2025-08-23 03:10:48.513  INFO 8076 --- [scheduling-1] y.f.r.PlayersDataSavingProcessingService : player not found in external search 203224
2025-08-23 03:10:48.513  INFO 8076 --- [scheduling-1] c.y.f.scores365.ScoresService            : searching player in 365 scores search url https://webws.365scores.com/web/search/?appTypeId=5&query=Khvicha Kvaratskhelia&filter=all
2025-08-23 03:10:48.624  INFO 8076 --- [scheduling-1] y.f.r.PlayersDataSavingProcessingService : player from external search, player id 483 player name Khvicha Kvaratskhelia
2025-08-23 03:10:48.689  INFO 8076 --- [scheduling-1] c.y.f.scores365.ScoresService            : searching player in 365 scores search url https://webws.365scores.com/web/search/?appTypeId=5&query=Hugo Ekitike&filter=all
2025-08-23 03:10:48.898  INFO 8076 --- [scheduling-1] y.f.r.PlayersDataSavingProcessingService : player from external search, player id 174565 player name Hugo Ekitike
2025-08-23 03:10:48.959  INFO 8076 --- [scheduling-1] c.y.f.scores365.ScoresService            : searching player in 365 scores search url https://webws.365scores.com/web/search/?appTypeId=5&query=Pedro Gonzalez&filter=all
2025-08-23 03:10:49.006  INFO 8076 --- [scheduling-1] y.f.r.PlayersDataSavingProcessingService : player from external search, player id 133609 player name Pedro González López
2025-08-23 03:10:49.069  INFO 8076 --- [scheduling-1] c.y.f.scores365.ScoresService            : searching player in 365 scores search url https://webws.365scores.com/web/search/?appTypeId=5&query=Salvador Esquivel&filter=all
2025-08-23 03:10:49.375  INFO 8076 --- [scheduling-1] y.f.r.PlayersDataSavingProcessingService : player not found in external search 393198
2025-08-23 03:10:49.375  INFO 8076 --- [scheduling-1] c.y.f.scores365.ScoresService            : searching player in 365 scores search url https://webws.365scores.com/web/search/?appTypeId=5&query=Willian Joel&filter=all
2025-08-23 03:10:49.488  INFO 8076 --- [scheduling-1] y.f.r.PlayersDataSavingProcessingService : player not found in external search 16367
2025-08-23 03:10:49.488  INFO 8076 --- [scheduling-1] c.y.f.scores365.ScoresService            : searching player in 365 scores search url https://webws.365scores.com/web/search/?appTypeId=5&query=Patrick Chinazaekpere&filter=all
2025-08-23 03:10:49.856  INFO 8076 --- [scheduling-1] y.f.r.PlayersDataSavingProcessingService : player not found in external search 382452
2025-08-23 03:10:49.856  INFO 8076 --- [scheduling-1] c.y.f.scores365.ScoresService            : searching player in 365 scores search url https://webws.365scores.com/web/search/?appTypeId=5&query=Desire Doue&filter=all
2025-08-23 03:10:49.968  INFO 8076 --- [scheduling-1] y.f.r.PlayersDataSavingProcessingService : player from external search, player id 343027 player name Désiré Doué
2025-08-23 03:10:50.031  INFO 8076 --- [scheduling-1] c.y.f.scores365.ScoresService            : searching player in 365 scores search url https://webws.365scores.com/web/search/?appTypeId=5&query=Benjamin William&filter=all
2025-08-23 03:10:50.342  INFO 8076 --- [scheduling-1] y.f.r.PlayersDataSavingProcessingService : player from external search, player id 19959 player name Benjamin William White
2025-08-23 03:10:50.402  INFO 8076 --- [scheduling-1] c.y.f.scores365.ScoresService            : searching player in 365 scores search url https://webws.365scores.com/web/search/?appTypeId=5&query=David Olatukunbo&filter=all
2025-08-23 03:10:50.657  INFO 8076 --- [scheduling-1] y.f.r.PlayersDataSavingProcessingService : player from external search, player id 505 player name David Olatukunbo Alaba
2025-08-23 03:10:50.720  INFO 8076 --- [scheduling-1] c.y.f.rapidapi.PlayersDataSavingService  : saving players in database from main hashmap
2025-08-23 03:10:50.720  INFO 8076 --- [scheduling-1] c.y.f.p.PlayerLeagueStatsService         : saving players league stats
2025-08-23 03:21:20.778  INFO 8076 --- [http-nio-8083-exec-5] o.a.c.c.C.[Tomcat].[localhost].[/]       : Initializing Spring DispatcherServlet 'dispatcherServlet'
2025-08-23 03:21:20.778  INFO 8076 --- [http-nio-8083-exec-5] o.s.web.servlet.DispatcherServlet        : Initializing Servlet 'dispatcherServlet'
2025-08-23 03:21:20.778  INFO 8076 --- [http-nio-8083-exec-5] o.s.web.servlet.DispatcherServlet        : Completed initialization in 0 ms
2025-08-23 03:21:20.919  INFO 8076 --- [http-nio-8083-exec-3] c.y.f.scores365.ScoresService            : getting featured match url https://webws.365scores.com/web/games/featured/?langId=1&sports=1
2025-08-23 03:21:21.046  INFO 8076 --- [http-nio-8083-exec-1] c.y.f.f.FeaturedPlayerService            : fetching featured players from external service
2025-08-23 03:21:21.056  INFO 8076 --- [http-nio-8083-exec-1] c.y.f.scores365.ScoresService            : getting top players url https://webws.365scores.com/web/stats/?appTypeId=5&competitions=7&competitors=&withSeasons=false
2025-08-23 03:21:21.450  INFO 8076 --- [http-nio-8083-exec-1] c.y.f.f.FeaturedPlayerService            : fetched featured players from external service saving to database
2025-08-23 03:21:21.524  INFO 8076 --- [http-nio-8083-exec-1] c.y.f.f.FeaturedPlayerService            : featured players saved to database
2025-08-23 03:21:31.618  INFO 8076 --- [http-nio-8083-exec-7] c.y.f.scores365.ScoresController         : getting player details from scores, player id 1485 scores id 62344
2025-08-23 03:21:31.618  INFO 8076 --- [http-nio-8083-exec-7] c.y.f.player.PlayerService               : getting player details player id 1485 sofascore id 62344
2025-08-23 03:21:31.624  INFO 8076 --- [http-nio-8083-exec-7] c.y.f.player.PlayerService               : player found in database, player id 1485
2025-08-23 03:21:31.624  INFO 8076 --- [http-nio-8083-exec-7] c.y.f.player.PlayerService               : Player details not updated in database, retrieving from external service by id 62344
2025-08-23 03:21:31.639  INFO 8076 --- [http-nio-8083-exec-7] c.y.f.scores365.ScoresService            : getting player league stats from 365 scores url https://webws.365scores.com/web/athletes/?appTypeId=5&athletes=62344&fullDetails=true
2025-08-23 03:37:36.750  WARN 8076 --- [HikariPool-1 housekeeper] com.zaxxer.hikari.pool.HikariPool        : HikariPool-1 - Thread starvation or clock leap detected (housekeeper delta=16m9s325ms333µs900ns).
2025-08-23 03:37:36.781 ERROR 8076 --- [http-nio-8083-exec-7] c.y.f.player.PlayerService               : error getting player details player id 1485 , sofascore id 62344
2025-08-23 03:37:37.115 ERROR 8076 --- [http-nio-8083-exec-7] c.y.f.scores365.ScoresController         : scores get player details error couldn't get player details player id 1485 , sofascore id 62344 error Error while extracting response for type [class com.yasser.footballersmarket.scores365.dto.PlayerDetailsDto] and content type [application/json;charset=utf-8]; nested exception is org.springframework.http.converter.HttpMessageNotReadableException: JSON parse error: null; nested exception is com.fasterxml.jackson.databind.JsonMappingException: N/A
 at [Source: (org.springframework.util.StreamUtils$NonClosingInputStream); line: 1, column: 1926] (through reference chain: com.yasser.footballersmarket.scores365.dto.PlayerDetailsDto["athletes"])
2025-08-23 03:52:18.469  INFO 24548 --- [main] c.y.f.FootballersmarketApplication       : Starting FootballersmarketApplication using Java 12 on SARIYLCD9094K48 with PID 24548 (D:\personal\pc\footballersmarketproject\footballersmarketbackend\target\classes started by asm in D:\personal\pc\footballersmarketproject\footballersmarketbackend)
2025-08-23 03:52:18.480  INFO 24548 --- [main] c.y.f.FootballersmarketApplication       : No active profile set, falling back to 1 default profile: "default"
2025-08-23 03:52:20.074  INFO 24548 --- [main] .s.d.r.c.RepositoryConfigurationDelegate : Bootstrapping Spring Data JPA repositories in DEFAULT mode.
2025-08-23 03:52:20.595  INFO 24548 --- [main] .s.d.r.c.RepositoryConfigurationDelegate : Finished Spring Data repository scanning in 481 ms. Found 7 JPA repository interfaces.
2025-08-23 03:52:23.175  INFO 24548 --- [main] o.s.b.w.embedded.tomcat.TomcatWebServer  : Tomcat initialized with port(s): 8083 (http)
2025-08-23 03:52:23.191  INFO 24548 --- [main] o.apache.catalina.core.StandardService   : Starting service [Tomcat]
2025-08-23 03:52:23.191  INFO 24548 --- [main] org.apache.catalina.core.StandardEngine  : Starting Servlet engine: [Apache Tomcat/9.0.68]
2025-08-23 03:52:23.444  INFO 24548 --- [main] o.a.c.c.C.[Tomcat].[localhost].[/]       : Initializing Spring embedded WebApplicationContext
2025-08-23 03:52:23.444  INFO 24548 --- [main] w.s.c.ServletWebServerApplicationContext : Root WebApplicationContext: initialization completed in 4801 ms
2025-08-23 03:52:23.791  INFO 24548 --- [main] o.hibernate.jpa.internal.util.LogHelper  : HHH000204: Processing PersistenceUnitInfo [name: default]
2025-08-23 03:52:23.949  INFO 24548 --- [main] org.hibernate.Version                    : HHH000412: Hibernate ORM core version 5.6.12.Final
2025-08-23 03:52:24.358  INFO 24548 --- [main] o.hibernate.annotations.common.Version   : HCANN000001: Hibernate Commons Annotations {5.1.2.Final}
2025-08-23 03:52:24.562  INFO 24548 --- [main] com.zaxxer.hikari.HikariDataSource       : HikariPool-1 - Starting...
2025-08-23 03:52:25.161  INFO 24548 --- [main] com.zaxxer.hikari.HikariDataSource       : HikariPool-1 - Start completed.
2025-08-23 03:52:25.193  INFO 24548 --- [main] org.hibernate.dialect.Dialect            : HHH000400: Using dialect: org.hibernate.dialect.PostgreSQLDialect
2025-08-23 03:52:28.329  INFO 24548 --- [main] o.h.e.t.j.p.i.JtaPlatformInitiator       : HHH000490: Using JtaPlatform implementation: [org.hibernate.engine.transaction.jta.platform.internal.NoJtaPlatform]
2025-08-23 03:52:28.344  INFO 24548 --- [main] j.LocalContainerEntityManagerFactoryBean : Initialized JPA EntityManagerFactory for persistence unit 'default'
2025-08-23 03:52:30.844  INFO 24548 --- [main] o.s.s.web.DefaultSecurityFilterChain     : Will secure any request with [org.springframework.security.web.session.DisableEncodeUrlFilter@a3f1f32, org.springframework.security.web.context.request.async.WebAsyncManagerIntegrationFilter@67fda9fb, org.springframework.security.web.context.SecurityContextPersistenceFilter@535adf36, org.springframework.security.web.header.HeaderWriterFilter@599fab92, org.springframework.web.filter.CorsFilter@34893693, org.springframework.security.web.authentication.logout.LogoutFilter@f9919a2, com.yasser.footballersmarket.security.JwtAuthenticationFilter@21e15093, org.springframework.security.web.savedrequest.RequestCacheAwareFilter@25cef4b3, org.springframework.security.web.servletapi.SecurityContextHolderAwareRequestFilter@66e44f9f, org.springframework.security.web.authentication.AnonymousAuthenticationFilter@580a5b6e, org.springframework.security.web.session.SessionManagementFilter@765d67dd, org.springframework.security.web.access.ExceptionTranslationFilter@106387cf, org.springframework.security.web.access.intercept.AuthorizationFilter@10efb806]
2025-08-23 03:52:31.097  WARN 24548 --- [main] JpaBaseConfiguration$JpaWebConfiguration : spring.jpa.open-in-view is enabled by default. Therefore, database queries may be performed during view rendering. Explicitly configure spring.jpa.open-in-view to disable this warning
2025-08-23 03:52:32.041  INFO 24548 --- [main] o.s.b.w.embedded.tomcat.TomcatWebServer  : Tomcat started on port(s): 8083 (http) with context path ''
2025-08-23 03:52:32.073  INFO 24548 --- [main] c.y.f.FootballersmarketApplication       : Started FootballersmarketApplication in 14.574 seconds (JVM running for 15.7)
2025-08-23 03:52:32.578  INFO 24548 --- [scheduling-1] c.y.f.r.PlayersDataFetchingScheduler     : page number 1
2025-08-23 03:52:32.578  INFO 24548 --- [scheduling-1] c.y.f.r.PlayersDataFetchingScheduler     : fetching url https://v3.football.api-sports.io/players?league=39&season=2025&team=49&page=1
2025-08-23 03:52:43.924  INFO 24548 --- [scheduling-1] c.y.f.r.PlayersDataFetchingScheduler     : page number 1 finished
2025-08-23 03:52:43.924  INFO 24548 --- [scheduling-1] c.y.f.r.PlayersDataFetchingScheduler     : page number 1
2025-08-23 03:52:43.924  INFO 24548 --- [scheduling-1] c.y.f.r.PlayersDataFetchingScheduler     : fetching url https://v3.football.api-sports.io/players?league=140&season=2025&team=529&page=1
2025-08-23 03:52:54.316  INFO 24548 --- [scheduling-1] c.y.f.r.PlayersDataFetchingScheduler     : page number 1 finished
2025-08-23 03:52:54.316  INFO 24548 --- [scheduling-1] c.y.f.r.PlayersDataFetchingScheduler     : page number 2
2025-08-23 03:52:54.316  INFO 24548 --- [scheduling-1] c.y.f.r.PlayersDataFetchingScheduler     : fetching url https://v3.football.api-sports.io/players?league=140&season=2025&team=529&page=2
2025-08-23 03:53:04.639  INFO 24548 --- [scheduling-1] c.y.f.r.PlayersDataFetchingScheduler     : page number 2 finished
2025-08-23 03:53:04.639  INFO 24548 --- [scheduling-1] c.y.f.r.PlayersDataFetchingScheduler     : page number 1
2025-08-23 03:53:04.640  INFO 24548 --- [scheduling-1] c.y.f.r.PlayersDataFetchingScheduler     : fetching url https://v3.football.api-sports.io/players?league=39&season=2025&team=50&page=1
2025-08-23 03:53:15.053  INFO 24548 --- [scheduling-1] c.y.f.r.PlayersDataFetchingScheduler     : page number 1 finished
2025-08-23 03:53:15.053  INFO 24548 --- [scheduling-1] c.y.f.r.PlayersDataFetchingScheduler     : page number 1
2025-08-23 03:53:15.053  INFO 24548 --- [scheduling-1] c.y.f.r.PlayersDataFetchingScheduler     : fetching url https://v3.football.api-sports.io/players?league=39&season=2025&team=40&page=1
2025-08-23 03:53:25.447  INFO 24548 --- [scheduling-1] c.y.f.r.PlayersDataFetchingScheduler     : page number 1 finished
2025-08-23 03:53:25.447  INFO 24548 --- [scheduling-1] c.y.f.r.PlayersDataFetchingScheduler     : page number 1
2025-08-23 03:53:25.447  INFO 24548 --- [scheduling-1] c.y.f.r.PlayersDataFetchingScheduler     : fetching url https://v3.football.api-sports.io/players?league=39&season=2025&team=42&page=1
2025-08-23 03:53:35.871  INFO 24548 --- [scheduling-1] c.y.f.r.PlayersDataFetchingScheduler     : page number 1 finished
2025-08-23 03:53:35.872  INFO 24548 --- [scheduling-1] c.y.f.r.PlayersDataFetchingScheduler     : page number 1
2025-08-23 03:53:35.872  INFO 24548 --- [scheduling-1] c.y.f.r.PlayersDataFetchingScheduler     : fetching url https://v3.football.api-sports.io/players?league=39&season=2025&team=33&page=1
2025-08-23 03:53:46.372  INFO 24548 --- [scheduling-1] c.y.f.r.PlayersDataFetchingScheduler     : page number 1 finished
2025-08-23 03:53:46.372  INFO 24548 --- [scheduling-1] c.y.f.r.PlayersDataFetchingScheduler     : page number 1
2025-08-23 03:53:46.372  INFO 24548 --- [scheduling-1] c.y.f.r.PlayersDataFetchingScheduler     : fetching url https://v3.football.api-sports.io/players?league=39&season=2025&team=47&page=1
2025-08-23 03:54:06.607 ERROR 24548 --- [scheduling-1] c.y.f.r.PlayersDataFetchingScheduler     : I/O error on GET request for "https://v3.football.api-sports.io/players": Read timed out; nested exception is javax.net.ssl.SSLException: Read timed out
2025-08-23 03:54:16.620  INFO 24548 --- [scheduling-1] c.y.f.r.PlayersDataFetchingScheduler     : page number 1
2025-08-23 03:54:16.620  INFO 24548 --- [scheduling-1] c.y.f.r.PlayersDataFetchingScheduler     : fetching url https://v3.football.api-sports.io/players?league=135&season=2025&team=505&page=1
2025-08-23 03:54:26.952  INFO 24548 --- [scheduling-1] c.y.f.r.PlayersDataFetchingScheduler     : page number 1 finished
2025-08-23 03:54:26.952  INFO 24548 --- [scheduling-1] c.y.f.r.PlayersDataFetchingScheduler     : page number 1
2025-08-23 03:54:26.952  INFO 24548 --- [scheduling-1] c.y.f.r.PlayersDataFetchingScheduler     : fetching url https://v3.football.api-sports.io/players?league=135&season=2025&team=489&page=1
2025-08-23 03:54:37.302  INFO 24548 --- [scheduling-1] c.y.f.r.PlayersDataFetchingScheduler     : page number 1 finished
2025-08-23 03:54:37.302  INFO 24548 --- [scheduling-1] c.y.f.r.PlayersDataFetchingScheduler     : page number 1
2025-08-23 03:54:37.302  INFO 24548 --- [scheduling-1] c.y.f.r.PlayersDataFetchingScheduler     : fetching url https://v3.football.api-sports.io/players?league=135&season=2025&team=492&page=1
2025-08-23 03:54:47.594  INFO 24548 --- [scheduling-1] c.y.f.r.PlayersDataFetchingScheduler     : page number 1 finished
2025-08-23 03:54:47.595  INFO 24548 --- [scheduling-1] c.y.f.r.PlayersDataFetchingScheduler     : page number 1
2025-08-23 03:54:47.595  INFO 24548 --- [scheduling-1] c.y.f.r.PlayersDataFetchingScheduler     : fetching url https://v3.football.api-sports.io/players?league=135&season=2025&team=496&page=1
2025-08-23 03:54:58.048  INFO 24548 --- [scheduling-1] c.y.f.r.PlayersDataFetchingScheduler     : page number 1 finished
2025-08-23 03:54:58.048  INFO 24548 --- [scheduling-1] c.y.f.r.PlayersDataFetchingScheduler     : page number 1
2025-08-23 03:54:58.048  INFO 24548 --- [scheduling-1] c.y.f.r.PlayersDataFetchingScheduler     : fetching url https://v3.football.api-sports.io/players?league=140&season=2025&team=530&page=1
2025-08-23 03:55:08.455  INFO 24548 --- [scheduling-1] c.y.f.r.PlayersDataFetchingScheduler     : page number 1 finished
2025-08-23 03:55:08.455  INFO 24548 --- [scheduling-1] c.y.f.r.PlayersDataFetchingScheduler     : page number 2
2025-08-23 03:55:08.455  INFO 24548 --- [scheduling-1] c.y.f.r.PlayersDataFetchingScheduler     : fetching url https://v3.football.api-sports.io/players?league=140&season=2025&team=530&page=2
2025-08-23 03:55:18.762  INFO 24548 --- [scheduling-1] c.y.f.r.PlayersDataFetchingScheduler     : page number 2 finished
2025-08-23 03:55:18.762  INFO 24548 --- [scheduling-1] c.y.f.r.PlayersDataFetchingScheduler     : page number 1
2025-08-23 03:55:18.762  INFO 24548 --- [scheduling-1] c.y.f.r.PlayersDataFetchingScheduler     : fetching url https://v3.football.api-sports.io/players?league=140&season=2025&team=541&page=1
2025-08-23 03:55:29.169  INFO 24548 --- [scheduling-1] c.y.f.r.PlayersDataFetchingScheduler     : page number 1 finished
2025-08-23 03:55:29.169  INFO 24548 --- [scheduling-1] c.y.f.r.PlayersDataFetchingScheduler     : page number 2
2025-08-23 03:55:29.169  INFO 24548 --- [scheduling-1] c.y.f.r.PlayersDataFetchingScheduler     : fetching url https://v3.football.api-sports.io/players?league=140&season=2025&team=541&page=2
2025-08-23 03:55:39.499  INFO 24548 --- [scheduling-1] c.y.f.r.PlayersDataFetchingScheduler     : page number 2 finished
2025-08-23 03:55:39.499  INFO 24548 --- [scheduling-1] c.y.f.r.PlayersDataFetchingScheduler     : page number 1
2025-08-23 03:55:39.499  INFO 24548 --- [scheduling-1] c.y.f.r.PlayersDataFetchingScheduler     : fetching url https://v3.football.api-sports.io/players?league=78&season=2025&team=157&page=1
2025-08-23 03:55:49.812  INFO 24548 --- [scheduling-1] c.y.f.r.PlayersDataFetchingScheduler     : page number 1 finished
2025-08-23 03:55:49.812  INFO 24548 --- [scheduling-1] c.y.f.r.PlayersDataFetchingScheduler     : page number 1
2025-08-23 03:55:49.812  INFO 24548 --- [scheduling-1] c.y.f.r.PlayersDataFetchingScheduler     : fetching url https://v3.football.api-sports.io/players?league=61&season=2025&team=85&page=1
2025-08-23 03:56:00.424  INFO 24548 --- [scheduling-1] c.y.f.r.PlayersDataFetchingScheduler     : page number 1 finished
2025-08-23 03:56:00.448  INFO 24548 --- [scheduling-1] c.y.f.player.PlayerService               : retrieving players which was bought from sofascore search
2025-08-23 03:56:00.483  INFO 24548 --- [scheduling-1] c.y.f.player.PlayerService               : retrieving players which are updated by sofascore
2025-08-23 03:56:00.501  INFO 24548 --- [scheduling-1] c.y.f.scores365.ScoresService            : searching player in 365 scores search url https://webws.365scores.com/web/search/?appTypeId=5&query=Marquinhos&filter=all
2025-08-23 03:56:01.104  INFO 24548 --- [scheduling-1] y.f.r.PlayersDataSavingProcessingService : player from external search, player id 257 player name Marquinhos
2025-08-23 03:56:01.158  INFO 24548 --- [scheduling-1] c.y.f.scores365.ScoresService            : searching player in 365 scores search url https://webws.365scores.com/web/search/?appTypeId=5&query=Estevao&filter=all
2025-08-23 03:56:01.560  INFO 24548 --- [scheduling-1] y.f.r.PlayersDataSavingProcessingService : player from external search, player id 425733 player name Estêvão
2025-08-23 03:56:01.620  INFO 24548 --- [scheduling-1] c.y.f.scores365.ScoresService            : searching player in 365 scores search url https://webws.365scores.com/web/search/?appTypeId=5&query=Marc Casado&filter=all
2025-08-23 03:56:01.708  INFO 24548 --- [scheduling-1] y.f.r.PlayersDataSavingProcessingService : player from external search, player id 329728 player name Marc Casadó
2025-08-23 03:56:01.760  INFO 24548 --- [scheduling-1] c.y.f.scores365.ScoresService            : searching player in 365 scores search url https://webws.365scores.com/web/search/?appTypeId=5&query=Akanji&filter=all
2025-08-23 03:56:02.102  INFO 24548 --- [scheduling-1] y.f.r.PlayersDataSavingProcessingService : player from external search, player id 5 player name M. Akanji
2025-08-23 03:56:02.163  INFO 24548 --- [scheduling-1] c.y.f.scores365.ScoresService            : searching player in 365 scores search url https://webws.365scores.com/web/search/?appTypeId=5&query=Odegaard&filter=all
2025-08-23 03:56:02.498  INFO 24548 --- [scheduling-1] y.f.r.PlayersDataSavingProcessingService : player from external search, player id 37127 player name M. Ødegaard
2025-08-23 03:56:02.554  INFO 24548 --- [scheduling-1] c.y.f.scores365.ScoresService            : searching player in 365 scores search url https://webws.365scores.com/web/search/?appTypeId=5&query=Chalobah&filter=all
2025-08-23 03:56:02.923  INFO 24548 --- [scheduling-1] y.f.r.PlayersDataSavingProcessingService : player from external search, player id 19720 player name T. Chalobah
2025-08-23 03:56:02.983  INFO 24548 --- [scheduling-1] c.y.f.scores365.ScoresService            : searching player in 365 scores search url https://webws.365scores.com/web/search/?appTypeId=5&query=Lamine Yamal&filter=all
2025-08-23 03:56:03.065  INFO 24548 --- [scheduling-1] y.f.r.PlayersDataSavingProcessingService : player from external search, player id 386828 player name Lamine Yamal
2025-08-23 03:56:03.128  INFO 24548 --- [scheduling-1] c.y.f.scores365.ScoresService            : searching player in 365 scores search url https://webws.365scores.com/web/search/?appTypeId=5&query=David Raya&filter=all
2025-08-23 03:56:03.208  INFO 24548 --- [scheduling-1] y.f.r.PlayersDataSavingProcessingService : player from external search, player id 19465 player name David Raya
2025-08-23 03:56:03.273  INFO 24548 --- [scheduling-1] c.y.f.scores365.ScoresService            : searching player in 365 scores search url https://webws.365scores.com/web/search/?appTypeId=5&query=Hakimi&filter=all
2025-08-23 03:56:03.726  INFO 24548 --- [scheduling-1] y.f.r.PlayersDataSavingProcessingService : player from external search, player id 9 player name A. Hakimi
2025-08-23 03:56:03.786  INFO 24548 --- [scheduling-1] c.y.f.scores365.ScoresService            : searching player in 365 scores search url https://webws.365scores.com/web/search/?appTypeId=5&query=Robert Sanchez&filter=all
2025-08-23 03:56:04.199  INFO 24548 --- [scheduling-1] y.f.r.PlayersDataSavingProcessingService : player from external search, player id 18959 player name Robert Sánchez
2025-08-23 03:56:04.263  INFO 24548 --- [scheduling-1] c.y.f.scores365.ScoresService            : searching player in 365 scores search url https://webws.365scores.com/web/search/?appTypeId=5&query=Madueke&filter=all
2025-08-23 03:56:04.684  INFO 24548 --- [scheduling-1] y.f.r.PlayersDataSavingProcessingService : player from external search, player id 136723 player name N. Madueke
2025-08-23 03:56:04.749  INFO 24548 --- [scheduling-1] c.y.f.scores365.ScoresService            : searching player in 365 scores search url https://webws.365scores.com/web/search/?appTypeId=5&query=Toni Fernandez&filter=all
2025-08-23 03:56:05.159  INFO 24548 --- [scheduling-1] y.f.r.PlayersDataSavingProcessingService : player from external search, player id 445973 player name Toni Fernández
2025-08-23 03:56:05.231  INFO 24548 --- [scheduling-1] c.y.f.scores365.ScoresService            : searching player in 365 scores search url https://webws.365scores.com/web/search/?appTypeId=5&query=Marc Cucurella&filter=all
2025-08-23 03:56:05.312  INFO 24548 --- [scheduling-1] y.f.r.PlayersDataSavingProcessingService : player from external search, player id 47380 player name Marc Cucurella
2025-08-23 03:56:05.375  INFO 24548 --- [scheduling-1] c.y.f.scores365.ScoresService            : searching player in 365 scores search url https://webws.365scores.com/web/search/?appTypeId=5&query=deLigt&filter=all
2025-08-23 03:56:05.803  INFO 24548 --- [scheduling-1] y.f.r.PlayersDataSavingProcessingService : player not found in external search 532
2025-08-23 03:56:05.803  INFO 24548 --- [scheduling-1] c.y.f.scores365.ScoresService            : searching player in 365 scores search url https://webws.365scores.com/web/search/?appTypeId=5&query=Mount&filter=all
2025-08-23 03:56:06.285  INFO 24548 --- [scheduling-1] y.f.r.PlayersDataSavingProcessingService : player from external search, player id 19220 player name M. Mount
2025-08-23 03:56:06.348  INFO 24548 --- [scheduling-1] c.y.f.scores365.ScoresService            : searching player in 365 scores search url https://webws.365scores.com/web/search/?appTypeId=5&query=Zaire-Emery&filter=all
2025-08-23 03:56:06.764  INFO 24548 --- [scheduling-1] y.f.r.PlayersDataSavingProcessingService : player from external search, player id 336657 player name W. Zaïre-Emery
2025-08-23 03:56:06.827  INFO 24548 --- [scheduling-1] c.y.f.scores365.ScoresService            : searching player in 365 scores search url https://webws.365scores.com/web/search/?appTypeId=5&query=Safonov&filter=all
2025-08-23 03:56:07.129  INFO 24548 --- [scheduling-1] y.f.r.PlayersDataSavingProcessingService : player from external search, player id 2068 player name M. Safonov
2025-08-23 03:56:07.194  INFO 24548 --- [scheduling-1] c.y.f.scores365.ScoresService            : searching player in 365 scores search url https://webws.365scores.com/web/search/?appTypeId=5&query=Kylian Mbappe&filter=all
2025-08-23 03:56:07.278  INFO 24548 --- [scheduling-1] y.f.r.PlayersDataSavingProcessingService : player from external search, player id 278 player name Kylian Mbappé
2025-08-23 03:56:07.336  INFO 24548 --- [scheduling-1] c.y.f.scores365.ScoresService            : searching player in 365 scores search url https://webws.365scores.com/web/search/?appTypeId=5&query=Alisson Becker&filter=all
2025-08-23 03:56:07.647  INFO 24548 --- [scheduling-1] y.f.r.PlayersDataSavingProcessingService : player from external search, player id 280 player name Alisson Becker
2025-08-23 03:56:07.705  INFO 24548 --- [scheduling-1] c.y.f.scores365.ScoresService            : searching player in 365 scores search url https://webws.365scores.com/web/search/?appTypeId=5&query=Gabriel Martinelli&filter=all
2025-08-23 03:56:08.038  INFO 24548 --- [scheduling-1] y.f.r.PlayersDataSavingProcessingService : player from external search, player id 127769 player name Gabriel Martinelli
2025-08-23 03:56:08.102  INFO 24548 --- [scheduling-1] c.y.f.scores365.ScoresService            : searching player in 365 scores search url https://webws.365scores.com/web/search/?appTypeId=5&query=Thiago Pitarch&filter=all
2025-08-23 03:56:08.182  INFO 24548 --- [scheduling-1] y.f.r.PlayersDataSavingProcessingService : player from external search, player id 509470 player name Thiago Pitarch
2025-08-23 03:56:08.245  INFO 24548 --- [scheduling-1] c.y.f.scores365.ScoresService            : searching player in 365 scores search url https://webws.365scores.com/web/search/?appTypeId=5&query=Rodrygo&filter=all
2025-08-23 03:56:08.682  INFO 24548 --- [scheduling-1] y.f.r.PlayersDataSavingProcessingService : player from external search, player id 10009 player name Rodrygo
2025-08-23 03:56:08.740  INFO 24548 --- [scheduling-1] c.y.f.scores365.ScoresService            : searching player in 365 scores search url https://webws.365scores.com/web/search/?appTypeId=5&query=deJong&filter=all
2025-08-23 03:56:09.168  INFO 24548 --- [scheduling-1] y.f.r.PlayersDataSavingProcessingService : player not found in external search 538
2025-08-23 03:56:09.168  INFO 24548 --- [scheduling-1] c.y.f.scores365.ScoresService            : searching player in 365 scores search url https://webws.365scores.com/web/search/?appTypeId=5&query=Alexander-Arnold&filter=all
2025-08-23 03:56:09.485  INFO 24548 --- [scheduling-1] y.f.r.PlayersDataSavingProcessingService : player from external search, player id 283 player name T. Alexander-Arnold
2025-08-23 03:56:09.541  INFO 24548 --- [scheduling-1] c.y.f.scores365.ScoresService            : searching player in 365 scores search url https://webws.365scores.com/web/search/?appTypeId=5&query=Gomez&filter=all
2025-08-23 03:56:10.070  INFO 24548 --- [scheduling-1] y.f.r.PlayersDataSavingProcessingService : player from external search, player id 284 player name J. Gomez
2025-08-23 03:56:10.131  INFO 24548 --- [scheduling-1] c.y.f.scores365.ScoresService            : searching player in 365 scores search url https://webws.365scores.com/web/search/?appTypeId=5&query=Huijsen&filter=all
2025-08-23 03:56:10.434  INFO 24548 --- [scheduling-1] y.f.r.PlayersDataSavingProcessingService : player from external search, player id 361497 player name D. Huijsen
2025-08-23 03:56:10.497  INFO 24548 --- [scheduling-1] c.y.f.scores365.ScoresService            : searching player in 365 scores search url https://webws.365scores.com/web/search/?appTypeId=5&query=Oblak&filter=all
2025-08-23 03:56:10.925  INFO 24548 --- [scheduling-1] y.f.r.PlayersDataSavingProcessingService : player from external search, player id 29 player name J. Oblak
2025-08-23 03:56:10.988  INFO 24548 --- [scheduling-1] c.y.f.scores365.ScoresService            : searching player in 365 scores search url https://webws.365scores.com/web/search/?appTypeId=5&query=Robertson&filter=all
2025-08-23 03:56:11.403  INFO 24548 --- [scheduling-1] y.f.r.PlayersDataSavingProcessingService : player from external search, player id 289 player name A. Robertson
2025-08-23 03:56:11.466  INFO 24548 --- [scheduling-1] c.y.f.scores365.ScoresService            : searching player in 365 scores search url https://webws.365scores.com/web/search/?appTypeId=5&query=Hernandez&filter=all
2025-08-23 03:56:11.977  INFO 24548 --- [scheduling-1] y.f.r.PlayersDataSavingProcessingService : player from external search, player id 33 player name L. Hernández
2025-08-23 03:56:12.040  INFO 24548 --- [scheduling-1] c.y.f.scores365.ScoresService            : searching player in 365 scores search url https://webws.365scores.com/web/search/?appTypeId=5&query=vanDijk&filter=all
2025-08-23 03:56:12.362  INFO 24548 --- [scheduling-1] y.f.r.PlayersDataSavingProcessingService : player not found in external search 290
2025-08-23 03:56:12.362  INFO 24548 --- [scheduling-1] c.y.f.scores365.ScoresService            : searching player in 365 scores search url https://webws.365scores.com/web/search/?appTypeId=5&query=Gyokeres&filter=all
2025-08-23 03:56:12.680  INFO 24548 --- [scheduling-1] y.f.r.PlayersDataSavingProcessingService : player from external search, player id 18979 player name V. Gyökeres
2025-08-23 03:56:12.744  INFO 24548 --- [scheduling-1] c.y.f.scores365.ScoresService            : searching player in 365 scores search url https://webws.365scores.com/web/search/?appTypeId=5&query=Jones&filter=all
2025-08-23 03:56:13.528  INFO 24548 --- [scheduling-1] y.f.r.PlayersDataSavingProcessingService : player from external search, player id 293 player name C. Jones
2025-08-23 03:56:13.592  INFO 24548 --- [scheduling-1] c.y.f.scores365.ScoresService            : searching player in 365 scores search url https://webws.365scores.com/web/search/?appTypeId=5&query=Reijnders&filter=all
2025-08-23 03:56:13.959  INFO 24548 --- [scheduling-1] y.f.r.PlayersDataSavingProcessingService : player from external search, player id 36902 player name T. Reijnders
2025-08-23 03:56:14.022  INFO 24548 --- [scheduling-1] c.y.f.scores365.ScoresService            : searching player in 365 scores search url https://webws.365scores.com/web/search/?appTypeId=5&query=Ugarte&filter=all
2025-08-23 03:56:14.437  INFO 24548 --- [scheduling-1] y.f.r.PlayersDataSavingProcessingService : player from external search, player id 51494 player name M. Ugarte
2025-08-23 03:56:14.501  INFO 24548 --- [scheduling-1] c.y.f.scores365.ScoresService            : searching player in 365 scores search url https://webws.365scores.com/web/search/?appTypeId=5&query=Lunin&filter=all
2025-08-23 03:56:14.918  INFO 24548 --- [scheduling-1] y.f.r.PlayersDataSavingProcessingService : player from external search, player id 47400 player name A. Lunin
2025-08-23 03:56:14.982  INFO 24548 --- [scheduling-1] c.y.f.scores365.ScoresService            : searching player in 365 scores search url https://webws.365scores.com/web/search/?appTypeId=5&query=Dani Olmo&filter=all
2025-08-23 03:56:15.398  INFO 24548 --- [scheduling-1] y.f.r.PlayersDataSavingProcessingService : player from external search, player id 1323 player name Dani Olmo
2025-08-23 03:56:15.460  INFO 24548 --- [scheduling-1] c.y.f.scores365.ScoresService            : searching player in 365 scores search url https://webws.365scores.com/web/search/?appTypeId=5&query=Sorloth&filter=all
2025-08-23 03:56:15.882  INFO 24548 --- [scheduling-1] y.f.r.PlayersDataSavingProcessingService : player from external search, player id 8492 player name A. Sørloth
2025-08-23 03:56:15.945  INFO 24548 --- [scheduling-1] c.y.f.scores365.ScoresService            : searching player in 365 scores search url https://webws.365scores.com/web/search/?appTypeId=5&query=Diallo&filter=all
2025-08-23 03:56:16.299  INFO 24548 --- [scheduling-1] y.f.r.PlayersDataSavingProcessingService : player from external search, player id 157997 player name A. Diallo
2025-08-23 03:56:16.364  INFO 24548 --- [scheduling-1] c.y.f.scores365.ScoresService            : searching player in 365 scores search url https://webws.365scores.com/web/search/?appTypeId=5&query=Mbaye&filter=all
2025-08-23 03:56:16.698  INFO 24548 --- [scheduling-1] y.f.r.PlayersDataSavingProcessingService : player from external search, player id 446249 player name I. Mbaye
2025-08-23 03:56:16.762  INFO 24548 --- [scheduling-1] c.y.f.scores365.ScoresService            : searching player in 365 scores search url https://webws.365scores.com/web/search/?appTypeId=5&query=Mohamed Salah&filter=all
2025-08-23 03:56:16.843  INFO 24548 --- [scheduling-1] y.f.r.PlayersDataSavingProcessingService : player from external search, player id 306 player name Mohamed Salah
2025-08-23 03:56:16.906  INFO 24548 --- [scheduling-1] c.y.f.scores365.ScoresService            : searching player in 365 scores search url https://webws.365scores.com/web/search/?appTypeId=5&query=Koke&filter=all
2025-08-23 03:56:17.209  INFO 24548 --- [scheduling-1] y.f.r.PlayersDataSavingProcessingService : player from external search, player id 50 player name Koke
2025-08-23 03:56:17.271  INFO 24548 --- [scheduling-1] c.y.f.scores365.ScoresService            : searching player in 365 scores search url https://webws.365scores.com/web/search/?appTypeId=5&query=Endo&filter=all
2025-08-23 03:56:17.651  INFO 24548 --- [scheduling-1] y.f.r.PlayersDataSavingProcessingService : player from external search, player id 8500 player name W. Endo
2025-08-23 03:56:17.715  INFO 24548 --- [scheduling-1] c.y.f.scores365.ScoresService            : searching player in 365 scores search url https://webws.365scores.com/web/search/?appTypeId=5&query=Ruben Dias&filter=all
2025-08-23 03:56:18.112  INFO 24548 --- [scheduling-1] y.f.r.PlayersDataSavingProcessingService : player from external search, player id 567 player name Rúben Dias
2025-08-23 03:56:18.189  INFO 24548 --- [scheduling-1] c.y.f.scores365.ScoresService            : searching player in 365 scores search url https://webws.365scores.com/web/search/?appTypeId=5&query=Griezmann&filter=all
2025-08-23 03:56:18.601  INFO 24548 --- [scheduling-1] y.f.r.PlayersDataSavingProcessingService : player from external search, player id 56 player name A. Griezmann
2025-08-23 03:56:18.664  INFO 24548 --- [scheduling-1] c.y.f.scores365.ScoresService            : searching player in 365 scores search url https://webws.365scores.com/web/search/?appTypeId=5&query=MacAllister&filter=all
2025-08-23 03:56:19.002  INFO 24548 --- [scheduling-1] y.f.r.PlayersDataSavingProcessingService : player from external search, player id 6716 player name A. Mac Allister
2025-08-23 03:56:19.063  INFO 24548 --- [scheduling-1] c.y.f.scores365.ScoresService            : searching player in 365 scores search url https://webws.365scores.com/web/search/?appTypeId=5&query=Sergio Mestre&filter=all
2025-08-23 03:56:19.238  INFO 24548 --- [scheduling-1] y.f.r.PlayersDataSavingProcessingService : player from external search, player id 386872 player name Sergio Mestre
2025-08-23 03:56:19.301  INFO 24548 --- [scheduling-1] c.y.f.scores365.ScoresService            : searching player in 365 scores search url https://webws.365scores.com/web/search/?appTypeId=5&query=Nuno Mendes&filter=all
2025-08-23 03:56:19.715  INFO 24548 --- [scheduling-1] y.f.r.PlayersDataSavingProcessingService : player from external search, player id 263482 player name Nuno Mendes
2025-08-23 03:56:19.778  INFO 24548 --- [scheduling-1] c.y.f.scores365.ScoresService            : searching player in 365 scores search url https://webws.365scores.com/web/search/?appTypeId=5&query=Cherki&filter=all
2025-08-23 03:56:20.205  INFO 24548 --- [scheduling-1] y.f.r.PlayersDataSavingProcessingService : player from external search, player id 156477 player name R. Cherki
2025-08-23 03:56:20.257  INFO 24548 --- [scheduling-1] c.y.f.scores365.ScoresService            : searching player in 365 scores search url https://webws.365scores.com/web/search/?appTypeId=5&query=Lewis&filter=all
2025-08-23 03:56:20.719  INFO 24548 --- [scheduling-1] y.f.r.PlayersDataSavingProcessingService : player from external search, player id 284230 player name R. Lewis
2025-08-23 03:56:20.769  INFO 24548 --- [scheduling-1] c.y.f.scores365.ScoresService            : searching player in 365 scores search url https://webws.365scores.com/web/search/?appTypeId=5&query=Gonzalo Garcia&filter=all
2025-08-23 03:56:20.848  INFO 24548 --- [scheduling-1] y.f.r.PlayersDataSavingProcessingService : player from external search, player id 336711 player name Gonzalo García
2025-08-23 03:56:20.912  INFO 24548 --- [scheduling-1] c.y.f.scores365.ScoresService            : searching player in 365 scores search url https://webws.365scores.com/web/search/?appTypeId=5&query=Cardoso&filter=all
2025-08-23 03:56:21.490  INFO 24548 --- [scheduling-1] y.f.r.PlayersDataSavingProcessingService : player from external search, player id 133185 player name J. Cardoso
2025-08-23 03:56:21.555  INFO 24548 --- [scheduling-1] c.y.f.scores365.ScoresService            : searching player in 365 scores search url https://webws.365scores.com/web/search/?appTypeId=5&query=Pedro Neto&filter=all
2025-08-23 03:56:21.957  INFO 24548 --- [scheduling-1] y.f.r.PlayersDataSavingProcessingService : player from external search, player id 1864 player name Pedro Neto
2025-08-23 03:56:22.021  INFO 24548 --- [scheduling-1] c.y.f.scores365.ScoresService            : searching player in 365 scores search url https://webws.365scores.com/web/search/?appTypeId=5&query=Pedro Fernandez&filter=all
2025-08-23 03:56:22.101  INFO 24548 --- [scheduling-1] y.f.r.PlayersDataSavingProcessingService : player from external search, player id 491087 player name Pedro Fernández
2025-08-23 03:56:22.165  INFO 24548 --- [scheduling-1] c.y.f.scores365.ScoresService            : searching player in 365 scores search url https://webws.365scores.com/web/search/?appTypeId=5&query=Szoboszlai&filter=all
2025-08-23 03:56:22.600  INFO 24548 --- [scheduling-1] y.f.r.PlayersDataSavingProcessingService : player from external search, player id 1096 player name D. Szoboszlai
2025-08-23 03:56:22.663  INFO 24548 --- [scheduling-1] c.y.f.scores365.ScoresService            : searching player in 365 scores search url https://webws.365scores.com/web/search/?appTypeId=5&query=Fabian Ruiz&filter=all
2025-08-23 03:56:22.743  INFO 24548 --- [scheduling-1] y.f.r.PlayersDataSavingProcessingService : player from external search, player id 328 player name Fabián Ruiz
2025-08-23 03:56:22.807  INFO 24548 --- [scheduling-1] c.y.f.scores365.ScoresService            : searching player in 365 scores search url https://webws.365scores.com/web/search/?appTypeId=5&query=Pau Cubarsi&filter=all
2025-08-23 03:56:22.893  INFO 24548 --- [scheduling-1] y.f.r.PlayersDataSavingProcessingService : player from external search, player id 396623 player name Pau Cubarsí Paredes
2025-08-23 03:56:22.950  INFO 24548 --- [scheduling-1] c.y.f.scores365.ScoresService            : searching player in 365 scores search url https://webws.365scores.com/web/search/?appTypeId=5&query=Saliba&filter=all
2025-08-23 03:56:23.403  INFO 24548 --- [scheduling-1] y.f.r.PlayersDataSavingProcessingService : player from external search, player id 22090 player name W. Saliba
2025-08-23 03:56:23.465  INFO 24548 --- [scheduling-1] c.y.f.scores365.ScoresService            : searching player in 365 scores search url https://webws.365scores.com/web/search/?appTypeId=5&query=Ngumoha&filter=all
2025-08-23 03:56:23.879  INFO 24548 --- [scheduling-1] y.f.r.PlayersDataSavingProcessingService : player from external search, player id 452685 player name R. Ngumoha
2025-08-23 03:56:23.944  INFO 24548 --- [scheduling-1] c.y.f.scores365.ScoresService            : searching player in 365 scores search url https://webws.365scores.com/web/search/?appTypeId=5&query=Haaland&filter=all
2025-08-23 03:56:24.362  INFO 24548 --- [scheduling-1] y.f.r.PlayersDataSavingProcessingService : player from external search, player id 1100 player name E. Haaland
2025-08-23 03:56:24.426  INFO 24548 --- [scheduling-1] c.y.f.scores365.ScoresService            : searching player in 365 scores search url https://webws.365scores.com/web/search/?appTypeId=5&query=Frimpong&filter=all
2025-08-23 03:56:24.842  INFO 24548 --- [scheduling-1] y.f.r.PlayersDataSavingProcessingService : player from external search, player id 152654 player name J. Frimpong
2025-08-23 03:56:24.905  INFO 24548 --- [scheduling-1] c.y.f.scores365.ScoresService            : searching player in 365 scores search url https://webws.365scores.com/web/search/?appTypeId=5&query=Fofana&filter=all
2025-08-23 03:56:25.257  INFO 24548 --- [scheduling-1] y.f.r.PlayersDataSavingProcessingService : player from external search, player id 22094 player name W. Fofana
2025-08-23 03:56:25.320  INFO 24548 --- [scheduling-1] c.y.f.scores365.ScoresService            : searching player in 365 scores search url https://webws.365scores.com/web/search/?appTypeId=5&query=Raspadori&filter=all
2025-08-23 03:56:25.802  INFO 24548 --- [scheduling-1] y.f.r.PlayersDataSavingProcessingService : player from external search, player id 30543 player name G. Raspadori
2025-08-23 03:56:25.866  INFO 24548 --- [scheduling-1] c.y.f.scores365.ScoresService            : searching player in 365 scores search url https://webws.365scores.com/web/search/?appTypeId=5&query=James&filter=all
2025-08-23 03:56:26.459  INFO 24548 --- [scheduling-1] y.f.r.PlayersDataSavingProcessingService : player from external search, player id 19545 player name R. James
2025-08-23 03:56:26.522  INFO 24548 --- [scheduling-1] c.y.f.scores365.ScoresService            : searching player in 365 scores search url https://webws.365scores.com/web/search/?appTypeId=5&query=Joao Pedro&filter=all
2025-08-23 03:56:26.618  INFO 24548 --- [scheduling-1] y.f.r.PlayersDataSavingProcessingService : player from external search, player id 10329 player name João Pedro
2025-08-23 03:56:26.681  INFO 24548 --- [scheduling-1] c.y.f.scores365.ScoresService            : searching player in 365 scores search url https://webws.365scores.com/web/search/?appTypeId=5&query=Timber&filter=all
2025-08-23 03:56:27.082  INFO 24548 --- [scheduling-1] y.f.r.PlayersDataSavingProcessingService : player from external search, player id 38746 player name J. Timber
2025-08-23 03:56:27.146  INFO 24548 --- [scheduling-1] c.y.f.scores365.ScoresService            : searching player in 365 scores search url https://webws.365scores.com/web/search/?appTypeId=5&query=Elliott&filter=all
2025-08-23 03:56:27.560  INFO 24548 --- [scheduling-1] y.f.r.PlayersDataSavingProcessingService : player from external search, player id 19035 player name H. Elliott
2025-08-23 03:56:27.625  INFO 24548 --- [scheduling-1] c.y.f.scores365.ScoresService            : searching player in 365 scores search url https://webws.365scores.com/web/search/?appTypeId=5&query=Simeone&filter=all
2025-08-23 03:56:28.043  INFO 24548 --- [scheduling-1] y.f.r.PlayersDataSavingProcessingService : player from external search, player id 323935 player name G. Simeone
2025-08-23 03:56:28.106  INFO 24548 --- [scheduling-1] c.y.f.scores365.ScoresService            : searching player in 365 scores search url https://webws.365scores.com/web/search/?appTypeId=5&query=Molina&filter=all
2025-08-23 03:56:28.780  INFO 24548 --- [scheduling-1] y.f.r.PlayersDataSavingProcessingService : player from external search, player id 6503 player name N. Molina
2025-08-23 03:56:28.845  INFO 24548 --- [scheduling-1] c.y.f.scores365.ScoresService            : searching player in 365 scores search url https://webws.365scores.com/web/search/?appTypeId=5&query=Eric Garcia&filter=all
2025-08-23 03:56:28.940  INFO 24548 --- [scheduling-1] y.f.r.PlayersDataSavingProcessingService : player from external search, player id 619 player name Eric García
2025-08-23 03:56:29.003  INFO 24548 --- [scheduling-1] c.y.f.scores365.ScoresService            : searching player in 365 scores search url https://webws.365scores.com/web/search/?appTypeId=5&query=Fernandez&filter=all
2025-08-23 03:56:29.499  INFO 24548 --- [scheduling-1] y.f.r.PlayersDataSavingProcessingService : player from external search, player id 5996 player name E. Fernández
2025-08-23 03:56:29.565  INFO 24548 --- [scheduling-1] c.y.f.scores365.ScoresService            : searching player in 365 scores search url https://webws.365scores.com/web/search/?appTypeId=5&query=Mbeumo&filter=all
2025-08-23 03:56:29.966  INFO 24548 --- [scheduling-1] y.f.r.PlayersDataSavingProcessingService : player from external search, player id 20589 player name B. Mbeumo
2025-08-23 03:56:30.030  INFO 24548 --- [scheduling-1] c.y.f.scores365.ScoresService            : searching player in 365 scores search url https://webws.365scores.com/web/search/?appTypeId=5&query=Renato Bellucci&filter=all
2025-08-23 03:56:30.115  INFO 24548 --- [scheduling-1] y.f.r.PlayersDataSavingProcessingService : player from external search, player id 437099 player name Renato Bellucci
2025-08-23 03:56:30.174  INFO 24548 --- [scheduling-1] c.y.f.scores365.ScoresService            : searching player in 365 scores search url https://webws.365scores.com/web/search/?appTypeId=5&query=Gusto&filter=all
2025-08-23 03:56:30.496  INFO 24548 --- [scheduling-1] y.f.r.PlayersDataSavingProcessingService : player from external search, player id 161907 player name M. Gusto
2025-08-23 03:56:30.562  INFO 24548 --- [scheduling-1] c.y.f.scores365.ScoresService            : searching player in 365 scores search url https://webws.365scores.com/web/search/?appTypeId=5&query=Oscar Bobb&filter=all
2025-08-23 03:56:30.658  INFO 24548 --- [scheduling-1] y.f.r.PlayersDataSavingProcessingService : player from external search, player id 278133 player name Oscar Bobb
2025-08-23 03:56:30.722  INFO 24548 --- [scheduling-1] c.y.f.scores365.ScoresService            : searching player in 365 scores search url https://webws.365scores.com/web/search/?appTypeId=5&query=Goncalo Ramos&filter=all
2025-08-23 03:56:31.076  INFO 24548 --- [scheduling-1] y.f.r.PlayersDataSavingProcessingService : player from external search, player id 41585 player name Gonçalo Ramos
2025-08-23 03:56:31.139  INFO 24548 --- [scheduling-1] c.y.f.scores365.ScoresService            : searching player in 365 scores search url https://webws.365scores.com/web/search/?appTypeId=5&query=Stones&filter=all
2025-08-23 03:56:31.558  INFO 24548 --- [scheduling-1] y.f.r.PlayersDataSavingProcessingService : player from external search, player id 626 player name J. Stones
2025-08-23 03:56:31.621  INFO 24548 --- [scheduling-1] c.y.f.scores365.ScoresService            : searching player in 365 scores search url https://webws.365scores.com/web/search/?appTypeId=5&query=Barcola&filter=all
2025-08-23 03:56:32.007  INFO 24548 --- [scheduling-1] y.f.r.PlayersDataSavingProcessingService : player from external search, player id 161904 player name B. Barcola
2025-08-23 03:56:32.072  INFO 24548 --- [scheduling-1] c.y.f.scores365.ScoresService            : searching player in 365 scores search url https://webws.365scores.com/web/search/?appTypeId=5&query=Heaton&filter=all
2025-08-23 03:56:32.525  INFO 24548 --- [scheduling-1] y.f.r.PlayersDataSavingProcessingService : player from external search, player id 2931 player name T. Heaton
2025-08-23 03:56:32.586  INFO 24548 --- [scheduling-1] c.y.f.scores365.ScoresService            : searching player in 365 scores search url https://webws.365scores.com/web/search/?appTypeId=5&query=Eder Militao&filter=all
2025-08-23 03:56:33.000  INFO 24548 --- [scheduling-1] y.f.r.PlayersDataSavingProcessingService : player from external search, player id 372 player name Éder Militão
2025-08-23 03:56:33.064  INFO 24548 --- [scheduling-1] c.y.f.scores365.ScoresService            : searching player in 365 scores search url https://webws.365scores.com/web/search/?appTypeId=5&query=Marc Pubill&filter=all
2025-08-23 03:56:33.185  INFO 24548 --- [scheduling-1] y.f.r.PlayersDataSavingProcessingService : player from external search, player id 295793 player name Marc Pubill
2025-08-23 03:56:33.240  INFO 24548 --- [scheduling-1] c.y.f.scores365.ScoresService            : searching player in 365 scores search url https://webws.365scores.com/web/search/?appTypeId=5&query=Diogo Dalot&filter=all
2025-08-23 03:56:33.643  INFO 24548 --- [scheduling-1] y.f.r.PlayersDataSavingProcessingService : player from external search, player id 886 player name Diogo Dalot
2025-08-23 03:56:33.706  INFO 24548 --- [scheduling-1] c.y.f.scores365.ScoresService            : searching player in 365 scores search url https://webws.365scores.com/web/search/?appTypeId=5&query=Cristhian Mosquera&filter=all
2025-08-23 03:56:34.116  INFO 24548 --- [scheduling-1] y.f.r.PlayersDataSavingProcessingService : player from external search, player id 333682 player name Cristhian Mosquera
2025-08-23 03:56:34.180  INFO 24548 --- [scheduling-1] c.y.f.scores365.ScoresService            : searching player in 365 scores search url https://webws.365scores.com/web/search/?appTypeId=5&query=Maguire&filter=all
2025-08-23 03:56:34.484  INFO 24548 --- [scheduling-1] y.f.r.PlayersDataSavingProcessingService : player from external search, player id 2935 player name H. Maguire
2025-08-23 03:56:34.549  INFO 24548 --- [scheduling-1] c.y.f.scores365.ScoresService            : searching player in 365 scores search url https://webws.365scores.com/web/search/?appTypeId=5&query=Guler&filter=all
2025-08-23 03:56:34.853  INFO 24548 --- [scheduling-1] y.f.r.PlayersDataSavingProcessingService : player from external search, player id 291964 player name A. Güler
2025-08-23 03:56:34.916  INFO 24548 --- [scheduling-1] c.y.f.scores365.ScoresService            : searching player in 365 scores search url https://webws.365scores.com/web/search/?appTypeId=5&query=Gundogan&filter=all
2025-08-23 03:56:35.239  INFO 24548 --- [scheduling-1] y.f.r.PlayersDataSavingProcessingService : player from external search, player id 633 player name İ. Gündoğan
2025-08-23 03:56:35.303  INFO 24548 --- [scheduling-1] c.y.f.scores365.ScoresService            : searching player in 365 scores search url https://webws.365scores.com/web/search/?appTypeId=5&query=Konate&filter=all
2025-08-23 03:56:35.720  INFO 24548 --- [scheduling-1] y.f.r.PlayersDataSavingProcessingService : player from external search, player id 1145 player name I. Konaté
2025-08-23 03:56:35.784  INFO 24548 --- [scheduling-1] c.y.f.scores365.ScoresService            : searching player in 365 scores search url https://webws.365scores.com/web/search/?appTypeId=5&query=Rice&filter=all
2025-08-23 03:56:36.150  INFO 24548 --- [scheduling-1] y.f.r.PlayersDataSavingProcessingService : player from external search, player id 2937 player name D. Rice
2025-08-23 03:56:36.213  INFO 24548 --- [scheduling-1] c.y.f.scores365.ScoresService            : searching player in 365 scores search url https://webws.365scores.com/web/search/?appTypeId=5&query=Alvarez&filter=all
2025-08-23 03:56:36.631  INFO 24548 --- [scheduling-1] y.f.r.PlayersDataSavingProcessingService : player from external search, player id 6009 player name J. Álvarez
2025-08-23 03:56:36.693  INFO 24548 --- [scheduling-1] c.y.f.scores365.ScoresService            : searching player in 365 scores search url https://webws.365scores.com/web/search/?appTypeId=5&query=Shaw&filter=all
2025-08-23 03:56:37.330  INFO 24548 --- [scheduling-1] y.f.r.PlayersDataSavingProcessingService : player from external search, player id 891 player name L. Shaw
2025-08-23 03:56:37.396  INFO 24548 --- [scheduling-1] c.y.f.scores365.ScoresService            : searching player in 365 scores search url https://webws.365scores.com/web/search/?appTypeId=5&query=Bernardo Silva&filter=all
2025-08-23 03:56:37.700  INFO 24548 --- [scheduling-1] y.f.r.PlayersDataSavingProcessingService : player from external search, player id 636 player name Bernardo Silva
2025-08-23 03:56:37.779  INFO 24548 --- [scheduling-1] c.y.f.scores365.ScoresService            : searching player in 365 scores search url https://webws.365scores.com/web/search/?appTypeId=5&query=Inaki Pena&filter=all
2025-08-23 03:56:38.114  INFO 24548 --- [scheduling-1] y.f.r.PlayersDataSavingProcessingService : player from external search, player id 126 player name Iñaki Peña
2025-08-23 03:56:38.178  INFO 24548 --- [scheduling-1] c.y.f.scores365.ScoresService            : searching player in 365 scores search url https://webws.365scores.com/web/search/?appTypeId=5&query=Calafiori&filter=all
2025-08-23 03:56:38.531  INFO 24548 --- [scheduling-1] y.f.r.PlayersDataSavingProcessingService : player from external search, player id 157052 player name R. Calafiori
2025-08-23 03:56:38.596  INFO 24548 --- [scheduling-1] c.y.f.scores365.ScoresService            : searching player in 365 scores search url https://webws.365scores.com/web/search/?appTypeId=5&query=Beraldo&filter=all
2025-08-23 03:56:38.915  INFO 24548 --- [scheduling-1] y.f.r.PlayersDataSavingProcessingService : player from external search, player id 307835 player name Beraldo
2025-08-23 03:56:38.979  INFO 24548 --- [scheduling-1] c.y.f.scores365.ScoresService            : searching player in 365 scores search url https://webws.365scores.com/web/search/?appTypeId=5&query=Vitinha&filter=all
2025-08-23 03:56:39.391  INFO 24548 --- [scheduling-1] y.f.r.PlayersDataSavingProcessingService : player from external search, player id 128384 player name Vitinha
2025-08-23 03:56:39.455  INFO 24548 --- [scheduling-1] c.y.f.scores365.ScoresService            : searching player in 365 scores search url https://webws.365scores.com/web/search/?appTypeId=5&query=Sesko&filter=all
2025-08-23 03:56:39.779  INFO 24548 --- [scheduling-1] y.f.r.PlayersDataSavingProcessingService : player from external search, player id 115589 player name B. Šeško
2025-08-23 03:56:39.841  INFO 24548 --- [scheduling-1] c.y.f.scores365.ScoresService            : searching player in 365 scores search url https://webws.365scores.com/web/search/?appTypeId=5&query=Gallagher&filter=all
2025-08-23 03:56:40.145  INFO 24548 --- [scheduling-1] y.f.r.PlayersDataSavingProcessingService : player from external search, player id 67972 player name C. Gallagher
2025-08-23 03:56:40.208  INFO 24548 --- [scheduling-1] c.y.f.scores365.ScoresService            : searching player in 365 scores search url https://webws.365scores.com/web/search/?appTypeId=5&query=Lenglet&filter=all
2025-08-23 03:56:40.682  INFO 24548 --- [scheduling-1] y.f.r.PlayersDataSavingProcessingService : player from external search, player id 133 player name C. Lenglet
2025-08-23 03:56:40.737  INFO 24548 --- [scheduling-1] c.y.f.scores365.ScoresService            : searching player in 365 scores search url https://webws.365scores.com/web/search/?appTypeId=5&query=Zabarnyi&filter=all
2025-08-23 03:56:41.154  INFO 24548 --- [scheduling-1] y.f.r.PlayersDataSavingProcessingService : player from external search, player id 161671 player name I. Zabarnyi
2025-08-23 03:56:41.218  INFO 24548 --- [scheduling-1] c.y.f.scores365.ScoresService            : searching player in 365 scores search url https://webws.365scores.com/web/search/?appTypeId=5&query=Alvaro Fernandez&filter=all
2025-08-23 03:56:41.299  INFO 24548 --- [scheduling-1] y.f.r.PlayersDataSavingProcessingService : player from external search, player id 284300 player name Álvaro Fernández
2025-08-23 03:56:41.362  INFO 24548 --- [scheduling-1] c.y.f.scores365.ScoresService            : searching player in 365 scores search url https://webws.365scores.com/web/search/?appTypeId=5&query=Joshua Kofi&filter=all
2025-08-23 03:56:41.447  INFO 24548 --- [scheduling-1] y.f.r.PlayersDataSavingProcessingService : player not found in external search 366735
2025-08-23 03:56:41.447  INFO 24548 --- [scheduling-1] c.y.f.scores365.ScoresService            : searching player in 365 scores search url https://webws.365scores.com/web/search/?appTypeId=5&query=Alejandro Balde&filter=all
2025-08-23 03:56:41.537  INFO 24548 --- [scheduling-1] y.f.r.PlayersDataSavingProcessingService : player from external search, player id 161928 player name Alejandro Balde
2025-08-23 03:56:41.601  INFO 24548 --- [scheduling-1] c.y.f.scores365.ScoresService            : searching player in 365 scores search url https://webws.365scores.com/web/search/?appTypeId=5&query=Carlos Martin&filter=all
2025-08-23 03:56:41.785  INFO 24548 --- [scheduling-1] y.f.r.PlayersDataSavingProcessingService : player from external search, player id 324750 player name Carlos Martín
2025-08-23 03:56:41.838  INFO 24548 --- [scheduling-1] c.y.f.scores365.ScoresService            : searching player in 365 scores search url https://webws.365scores.com/web/search/?appTypeId=5&query=Rashford&filter=all
2025-08-23 03:56:42.141  INFO 24548 --- [scheduling-1] y.f.r.PlayersDataSavingProcessingService : player from external search, player id 909 player name M. Rashford
2025-08-23 03:56:42.206  INFO 24548 --- [scheduling-1] c.y.f.scores365.ScoresService            : searching player in 365 scores search url https://webws.365scores.com/web/search/?appTypeId=5&query=Matheus Cunha&filter=all
2025-08-23 03:56:42.591  INFO 24548 --- [scheduling-1] y.f.r.PlayersDataSavingProcessingService : player from external search, player id 1165 player name Matheus Cunha
2025-08-23 03:56:42.655  INFO 24548 --- [scheduling-1] c.y.f.scores365.ScoresService            : searching player in 365 scores search url https://webws.365scores.com/web/search/?appTypeId=5&query=Raul Asencio&filter=all
2025-08-23 03:56:42.752  INFO 24548 --- [scheduling-1] y.f.r.PlayersDataSavingProcessingService : player from external search, player id 341640 player name Raúl Asencio
2025-08-23 03:56:42.816  INFO 24548 --- [scheduling-1] c.y.f.scores365.ScoresService            : searching player in 365 scores search url https://webws.365scores.com/web/search/?appTypeId=5&query=Doku&filter=all
2025-08-23 03:56:43.137  INFO 24548 --- [scheduling-1] y.f.r.PlayersDataSavingProcessingService : player from external search, player id 1422 player name J. Doku
2025-08-23 03:56:43.201  INFO 24548 --- [scheduling-1] c.y.f.scores365.ScoresService            : searching player in 365 scores search url https://webws.365scores.com/web/search/?appTypeId=5&query=Hato&filter=all
2025-08-23 03:56:43.569  INFO 24548 --- [scheduling-1] y.f.r.PlayersDataSavingProcessingService : player from external search, player id 341642 player name J. Hato
2025-08-23 03:56:43.633  INFO 24548 --- [scheduling-1] c.y.f.scores365.ScoresService            : searching player in 365 scores search url https://webws.365scores.com/web/search/?appTypeId=5&query=Nico Gonzalez&filter=all
2025-08-23 03:56:44.035  INFO 24548 --- [scheduling-1] y.f.r.PlayersDataSavingProcessingService : player from external search, player id 161933 player name Nico González
2025-08-23 03:56:44.099  INFO 24548 --- [scheduling-1] c.y.f.scores365.ScoresService            : searching player in 365 scores search url https://webws.365scores.com/web/search/?appTypeId=5&query=Nwaneri&filter=all
2025-08-23 03:56:44.512  INFO 24548 --- [scheduling-1] y.f.r.PlayersDataSavingProcessingService : player from external search, player id 313236 player name E. Nwaneri
2025-08-23 03:56:44.576  INFO 24548 --- [scheduling-1] c.y.f.scores365.ScoresService            : searching player in 365 scores search url https://webws.365scores.com/web/search/?appTypeId=5&query=Ait-Nouri&filter=all
2025-08-23 03:56:45.002  INFO 24548 --- [scheduling-1] y.f.r.PlayersDataSavingProcessingService : player from external search, player id 21138 player name R. Aït-Nouri
2025-08-23 03:56:45.065  INFO 24548 --- [scheduling-1] c.y.f.scores365.ScoresService            : searching player in 365 scores search url https://webws.365scores.com/web/search/?appTypeId=5&query=Caicedo&filter=all
2025-08-23 03:56:45.401  INFO 24548 --- [scheduling-1] y.f.r.PlayersDataSavingProcessingService : player from external search, player id 116117 player name M. Caicedo
2025-08-23 03:56:45.481  INFO 24548 --- [scheduling-1] c.y.f.scores365.ScoresService            : searching player in 365 scores search url https://webws.365scores.com/web/search/?appTypeId=5&query=Palmer&filter=all
2025-08-23 03:56:45.801  INFO 24548 --- [scheduling-1] y.f.r.PlayersDataSavingProcessingService : player from external search, player id 152982 player name C. Palmer
2025-08-23 03:56:45.864  INFO 24548 --- [scheduling-1] c.y.f.scores365.ScoresService            : searching player in 365 scores search url https://webws.365scores.com/web/search/?appTypeId=5&query=Matheus Nunes&filter=all
2025-08-23 03:56:46.282  INFO 24548 --- [scheduling-1] y.f.r.PlayersDataSavingProcessingService : player from external search, player id 41621 player name Matheus Nunes
2025-08-23 03:56:46.346  INFO 24548 --- [scheduling-1] c.y.f.scores365.ScoresService            : searching player in 365 scores search url https://webws.365scores.com/web/search/?appTypeId=5&query=Guille Fernandez&filter=all
2025-08-23 03:56:46.766  INFO 24548 --- [scheduling-1] y.f.r.PlayersDataSavingProcessingService : player from external search, player id 441232 player name Guille Fernández
2025-08-23 03:56:46.828  INFO 24548 --- [scheduling-1] c.y.f.scores365.ScoresService            : searching player in 365 scores search url https://webws.365scores.com/web/search/?appTypeId=5&query=Fermin&filter=all
2025-08-23 03:56:47.246  INFO 24548 --- [scheduling-1] y.f.r.PlayersDataSavingProcessingService : player from external search, player id 340626 player name Fermín
2025-08-23 03:56:47.310  INFO 24548 --- [scheduling-1] c.y.f.scores365.ScoresService            : searching player in 365 scores search url https://webws.365scores.com/web/search/?appTypeId=5&query=Chevalier&filter=all
2025-08-23 03:56:47.727  INFO 24548 --- [scheduling-1] y.f.r.PlayersDataSavingProcessingService : player from external search, player id 162453 player name L. Chevalier
2025-08-23 03:56:47.791  INFO 24548 --- [scheduling-1] c.y.f.scores365.ScoresService            : searching player in 365 scores search url https://webws.365scores.com/web/search/?appTypeId=5&query=Lewis-Skelly&filter=all
2025-08-23 03:56:48.193  INFO 24548 --- [scheduling-1] y.f.r.PlayersDataSavingProcessingService : player from external search, player id 313245 player name M. Lewis-Skelly
2025-08-23 03:56:48.257  INFO 24548 --- [scheduling-1] c.y.f.scores365.ScoresService            : searching player in 365 scores search url https://webws.365scores.com/web/search/?appTypeId=5&query=Dembele&filter=all
2025-08-23 03:56:48.677  INFO 24548 --- [scheduling-1] y.f.r.PlayersDataSavingProcessingService : player from external search, player id 153 player name O. Dembélé
2025-08-23 03:56:48.742  INFO 24548 --- [scheduling-1] c.y.f.scores365.ScoresService            : searching player in 365 scores search url https://webws.365scores.com/web/search/?appTypeId=5&query=Kochen&filter=all
2025-08-23 03:56:49.060  INFO 24548 --- [scheduling-1] y.f.r.PlayersDataSavingProcessingService : player from external search, player id 383647 player name D. Kochen
2025-08-23 03:56:49.123  INFO 24548 --- [scheduling-1] c.y.f.scores365.ScoresService            : searching player in 365 scores search url https://webws.365scores.com/web/search/?appTypeId=5&query=Trossard&filter=all
2025-08-23 03:56:49.484  INFO 24548 --- [scheduling-1] y.f.r.PlayersDataSavingProcessingService : player from external search, player id 1946 player name L. Trossard
2025-08-23 03:56:49.539  INFO 24548 --- [scheduling-1] c.y.f.scores365.ScoresService            : searching player in 365 scores search url https://webws.365scores.com/web/search/?appTypeId=5&query=Jorgensen&filter=all
2025-08-23 03:56:49.957  INFO 24548 --- [scheduling-1] y.f.r.PlayersDataSavingProcessingService : player from external search, player id 286616 player name F. Jörgensen
2025-08-23 03:56:50.021  INFO 24548 --- [scheduling-1] c.y.f.scores365.ScoresService            : searching player in 365 scores search url https://webws.365scores.com/web/search/?appTypeId=5&query=Delap&filter=all
2025-08-23 03:56:50.437  INFO 24548 --- [scheduling-1] y.f.r.PlayersDataSavingProcessingService : player from external search, player id 161948 player name L. Delap
2025-08-23 03:56:50.500  INFO 24548 --- [scheduling-1] c.y.f.scores365.ScoresService            : searching player in 365 scores search url https://webws.365scores.com/web/search/?appTypeId=5&query=Heaven&filter=all
2025-08-23 03:56:50.818  INFO 24548 --- [scheduling-1] y.f.r.PlayersDataSavingProcessingService : player from external search, player id 402329 player name A. Heaven
2025-08-23 03:56:50.881  INFO 24548 --- [scheduling-1] c.y.f.scores365.ScoresService            : searching player in 365 scores search url https://webws.365scores.com/web/search/?appTypeId=5&query=Lee Kang-In&filter=all
2025-08-23 03:56:51.247  INFO 24548 --- [scheduling-1] y.f.r.PlayersDataSavingProcessingService : player from external search, player id 927 player name Lee Kang-In
2025-08-23 03:56:51.311  INFO 24548 --- [scheduling-1] c.y.f.scores365.ScoresService            : searching player in 365 scores search url https://webws.365scores.com/web/search/?appTypeId=5&query=Fredricson&filter=all
2025-08-23 03:56:51.713  INFO 24548 --- [scheduling-1] y.f.r.PlayersDataSavingProcessingService : player from external search, player id 328101 player name T. Fredricson
2025-08-23 03:56:51.777  INFO 24548 --- [scheduling-1] c.y.f.scores365.ScoresService            : searching player in 365 scores search url https://webws.365scores.com/web/search/?appTypeId=5&query=Musso&filter=all
2025-08-23 03:56:52.195  INFO 24548 --- [scheduling-1] y.f.r.PlayersDataSavingProcessingService : player from external search, player id 2465 player name J. Musso
2025-08-23 03:56:52.260  INFO 24548 --- [scheduling-1] c.y.f.scores365.ScoresService            : searching player in 365 scores search url https://webws.365scores.com/web/search/?appTypeId=5&query=Ferran Torres&filter=all
2025-08-23 03:56:52.340  INFO 24548 --- [scheduling-1] y.f.r.PlayersDataSavingProcessingService : player from external search, player id 931 player name Ferran Torres
2025-08-23 03:56:52.404  INFO 24548 --- [scheduling-1] c.y.f.scores365.ScoresService            : searching player in 365 scores search url https://webws.365scores.com/web/search/?appTypeId=5&query=Omar Marmoush&filter=all
2025-08-23 03:56:52.731  INFO 24548 --- [scheduling-1] y.f.r.PlayersDataSavingProcessingService : player from external search, player id 81573 player name Omar Marmoush
2025-08-23 03:56:52.792  INFO 24548 --- [scheduling-1] c.y.f.scores365.ScoresService            : searching player in 365 scores search url https://webws.365scores.com/web/search/?appTypeId=5&query=Mainoo&filter=all
2025-08-23 03:56:53.114  INFO 24548 --- [scheduling-1] y.f.r.PlayersDataSavingProcessingService : player from external search, player id 284322 player name K. Mainoo
2025-08-23 03:56:53.178  INFO 24548 --- [scheduling-1] c.y.f.scores365.ScoresService            : searching player in 365 scores search url https://webws.365scores.com/web/search/?appTypeId=5&query=Bynoe-Gittens&filter=all
2025-08-23 03:56:53.484  INFO 24548 --- [scheduling-1] y.f.r.PlayersDataSavingProcessingService : player from external search, player id 286894 player name J. Bynoe-Gittens
2025-08-23 03:56:53.547  INFO 24548 --- [scheduling-1] c.y.f.scores365.ScoresService            : searching player in 365 scores search url https://webws.365scores.com/web/search/?appTypeId=5&query=Nyoni&filter=all
2025-08-23 03:56:53.960  INFO 24548 --- [scheduling-1] y.f.r.PlayersDataSavingProcessingService : player from external search, player id 397997 player name T. Nyoni
2025-08-23 03:56:54.024  INFO 24548 --- [scheduling-1] c.y.f.scores365.ScoresService            : searching player in 365 scores search url https://webws.365scores.com/web/search/?appTypeId=5&query=Ortega&filter=all
2025-08-23 03:56:54.437  INFO 24548 --- [scheduling-1] y.f.r.PlayersDataSavingProcessingService : player from external search, player id 25004 player name S. Ortega
2025-08-23 03:56:54.500  INFO 24548 --- [scheduling-1] c.y.f.scores365.ScoresService            : searching player in 365 scores search url https://webws.365scores.com/web/search/?appTypeId=5&query=Ake&filter=all
2025-08-23 03:56:55.010  INFO 24548 --- [scheduling-1] y.f.r.PlayersDataSavingProcessingService : player from external search, player id 18861 player name N. Aké
2025-08-23 03:56:55.074  INFO 24548 --- [scheduling-1] c.y.f.scores365.ScoresService            : searching player in 365 scores search url https://webws.365scores.com/web/search/?appTypeId=5&query=Kerkez&filter=all
2025-08-23 03:56:55.398  INFO 24548 --- [scheduling-1] y.f.r.PlayersDataSavingProcessingService : player from external search, player id 206254 player name M. Kerkez
2025-08-23 03:56:55.462  INFO 24548 --- [scheduling-1] c.y.f.scores365.ScoresService            : searching player in 365 scores search url https://webws.365scores.com/web/search/?appTypeId=5&query=Andrey Santos&filter=all
2025-08-23 03:56:55.881  INFO 24548 --- [scheduling-1] y.f.r.PlayersDataSavingProcessingService : player from external search, player id 305834 player name Andrey Santos
2025-08-23 03:56:55.945  INFO 24548 --- [scheduling-1] c.y.f.scores365.ScoresService            : searching player in 365 scores search url https://webws.365scores.com/web/search/?appTypeId=5&query=Almada&filter=all
2025-08-23 03:56:56.361  INFO 24548 --- [scheduling-1] y.f.r.PlayersDataSavingProcessingService : player from external search, player id 6067 player name T. Almada
2025-08-23 03:56:56.426  INFO 24548 --- [scheduling-1] c.y.f.scores365.ScoresService            : searching player in 365 scores search url https://webws.365scores.com/web/search/?appTypeId=5&query=Saka&filter=all
2025-08-23 03:56:56.780  INFO 24548 --- [scheduling-1] y.f.r.PlayersDataSavingProcessingService : player from external search, player id 1460 player name B. Saka
2025-08-23 03:56:56.845  INFO 24548 --- [scheduling-1] c.y.f.scores365.ScoresService            : searching player in 365 scores search url https://webws.365scores.com/web/search/?appTypeId=5&query=Araujo&filter=all
2025-08-23 03:56:57.231  INFO 24548 --- [scheduling-1] y.f.r.PlayersDataSavingProcessingService : player from external search, player id 101814 player name R. Araújo
2025-08-23 03:56:57.295  INFO 24548 --- [scheduling-1] c.y.f.scores365.ScoresService            : searching player in 365 scores search url https://webws.365scores.com/web/search/?appTypeId=5&query=O&apos;Reilly&filter=all
2025-08-23 03:56:58.704  INFO 24548 --- [scheduling-1] y.f.r.PlayersDataSavingProcessingService : player not found in external search 307123
2025-08-23 03:56:58.704  INFO 24548 --- [scheduling-1] c.y.f.scores365.ScoresService            : searching player in 365 scores search url https://webws.365scores.com/web/search/?appTypeId=5&query=Khusanov&filter=all
2025-08-23 03:56:59.072  INFO 24548 --- [scheduling-1] y.f.r.PlayersDataSavingProcessingService : player from external search, player id 360114 player name A. Khusanov
2025-08-23 03:56:59.135  INFO 24548 --- [scheduling-1] c.y.f.scores365.ScoresService            : searching player in 365 scores search url https://webws.365scores.com/web/search/?appTypeId=5&query=Mamardashvili&filter=all
2025-08-23 03:56:59.566  INFO 24548 --- [scheduling-1] y.f.r.PlayersDataSavingProcessingService : player from external search, player id 24760 player name G. Mamardashvili
2025-08-23 03:56:59.630  INFO 24548 --- [scheduling-1] c.y.f.scores365.ScoresService            : searching player in 365 scores search url https://webws.365scores.com/web/search/?appTypeId=5&query=Trafford&filter=all
2025-08-23 03:57:00.030  INFO 24548 --- [scheduling-1] y.f.r.PlayersDataSavingProcessingService : player from external search, player id 162489 player name J. Trafford
2025-08-23 03:57:00.109  INFO 24548 --- [scheduling-1] c.y.f.scores365.ScoresService            : searching player in 365 scores search url https://webws.365scores.com/web/search/?appTypeId=5&query=Joan Garcia&filter=all
2025-08-23 03:57:00.191  INFO 24548 --- [scheduling-1] y.f.r.PlayersDataSavingProcessingService : player from external search, player id 182718 player name Joan García
2025-08-23 03:57:00.256  INFO 24548 --- [scheduling-1] c.y.f.scores365.ScoresService            : searching player in 365 scores search url https://webws.365scores.com/web/search/?appTypeId=5&query=Yoro&filter=all
2025-08-23 03:57:00.575  INFO 24548 --- [scheduling-1] y.f.r.PlayersDataSavingProcessingService : player from external search, player id 342970 player name L. Yoro
2025-08-23 03:57:00.638  INFO 24548 --- [scheduling-1] c.y.f.scores365.ScoresService            : searching player in 365 scores search url https://webws.365scores.com/web/search/?appTypeId=5&query=Hancko&filter=all
2025-08-23 03:57:00.926  INFO 24548 --- [scheduling-1] y.f.r.PlayersDataSavingProcessingService : player from external search, player id 30399 player name D. Hancko
2025-08-23 03:57:00.989  INFO 24548 --- [scheduling-1] c.y.f.scores365.ScoresService            : searching player in 365 scores search url https://webws.365scores.com/web/search/?appTypeId=5&query=Dario Essugo&filter=all
2025-08-23 03:57:01.471  INFO 24548 --- [scheduling-1] y.f.r.PlayersDataSavingProcessingService : player from external search, player id 308678 player name Dário Essugo
2025-08-23 03:57:01.534  INFO 24548 --- [scheduling-1] c.y.f.scores365.ScoresService            : searching player in 365 scores search url https://webws.365scores.com/web/search/?appTypeId=5&query=Robin Le&filter=all
2025-08-23 03:57:01.967  INFO 24548 --- [scheduling-1] y.f.r.PlayersDataSavingProcessingService : player from external search, player id 47301 player name Robin Le Normand
2025-08-23 03:57:02.031  INFO 24548 --- [scheduling-1] c.y.f.scores365.ScoresService            : searching player in 365 scores search url https://webws.365scores.com/web/search/?appTypeId=5&query=Alex Baena&filter=all
2025-08-23 03:57:02.447  INFO 24548 --- [scheduling-1] y.f.r.PlayersDataSavingProcessingService : player from external search, player id 182219 player name Álex Baena
2025-08-23 03:57:02.512  INFO 24548 --- [scheduling-1] c.y.f.scores365.ScoresService            : searching player in 365 scores search url https://webws.365scores.com/web/search/?appTypeId=5&query=Chiesa&filter=all
2025-08-23 03:57:02.925  INFO 24548 --- [scheduling-1] y.f.r.PlayersDataSavingProcessingService : player from external search, player id 30410 player name F. Chiesa
2025-08-23 03:57:02.977  INFO 24548 --- [scheduling-1] c.y.f.scores365.ScoresService            : searching player in 365 scores search url https://webws.365scores.com/web/search/?appTypeId=5&query=Bruno Fernandes&filter=all
2025-08-23 03:57:03.314  INFO 24548 --- [scheduling-1] y.f.r.PlayersDataSavingProcessingService : player from external search, player id 1485 player name Bruno Fernandes
2025-08-23 03:57:03.366  INFO 24548 --- [scheduling-1] c.y.f.scores365.ScoresService            : searching player in 365 scores search url https://webws.365scores.com/web/search/?appTypeId=5&query=Javi Galan&filter=all
2025-08-23 03:57:03.685  INFO 24548 --- [scheduling-1] y.f.r.PlayersDataSavingProcessingService : player from external search, player id 47566 player name Javi Galán
2025-08-23 03:57:03.740  INFO 24548 --- [scheduling-1] c.y.f.scores365.ScoresService            : searching player in 365 scores search url https://webws.365scores.com/web/search/?appTypeId=5&query=Mikel Merino&filter=all
2025-08-23 03:57:03.829  INFO 24548 --- [scheduling-1] y.f.r.PlayersDataSavingProcessingService : player from external search, player id 47311 player name Mikel Merino
2025-08-23 03:57:03.880  INFO 24548 --- [scheduling-1] c.y.f.scores365.ScoresService            : searching player in 365 scores search url https://webws.365scores.com/web/search/?appTypeId=5&query=Tyrique George&filter=all
2025-08-23 03:57:04.240  INFO 24548 --- [scheduling-1] y.f.r.PlayersDataSavingProcessingService : player from external search, player id 334037 player name Tyrique George
2025-08-23 03:57:04.300  INFO 24548 --- [scheduling-1] c.y.f.scores365.ScoresService            : searching player in 365 scores search url https://webws.365scores.com/web/search/?appTypeId=5&query=Gabriel Magalhaes&filter=all
2025-08-23 03:57:04.627  INFO 24548 --- [scheduling-1] y.f.r.PlayersDataSavingProcessingService : player from external search, player id 22224 player name Gabriel Magalhães
2025-08-23 03:57:04.687  INFO 24548 --- [scheduling-1] c.y.f.scores365.ScoresService            : searching player in 365 scores search url https://webws.365scores.com/web/search/?appTypeId=5&query=Havertz&filter=all
2025-08-23 03:57:05.025  INFO 24548 --- [scheduling-1] y.f.r.PlayersDataSavingProcessingService : player from external search, player id 978 player name K. Havertz
2025-08-23 03:57:05.091  INFO 24548 --- [scheduling-1] c.y.f.scores365.ScoresService            : searching player in 365 scores search url https://webws.365scores.com/web/search/?appTypeId=5&query=Martin Zubimendi&filter=all
2025-08-23 03:57:05.266  INFO 24548 --- [scheduling-1] y.f.r.PlayersDataSavingProcessingService : player from external search, player id 47315 player name Martín Zubimendi
2025-08-23 03:57:05.325  INFO 24548 --- [scheduling-1] c.y.f.scores365.ScoresService            : searching player in 365 scores search url https://webws.365scores.com/web/search/?appTypeId=5&query=Bayindir&filter=all
2025-08-23 03:57:05.654  INFO 24548 --- [scheduling-1] y.f.r.PlayersDataSavingProcessingService : player from external search, player id 50132 player name A. Bayındır
2025-08-23 03:57:05.715  INFO 24548 --- [scheduling-1] c.y.f.scores365.ScoresService            : searching player in 365 scores search url https://webws.365scores.com/web/search/?appTypeId=5&query=Zirkzee&filter=all
2025-08-23 03:57:06.120  INFO 24548 --- [scheduling-1] y.f.r.PlayersDataSavingProcessingService : player from external search, player id 70100 player name J. Zirkzee
2025-08-23 03:57:06.181  INFO 24548 --- [scheduling-1] c.y.f.scores365.ScoresService            : searching player in 365 scores search url https://webws.365scores.com/web/search/?appTypeId=5&query=Pablo Barrios&filter=all
2025-08-23 03:57:06.265  INFO 24548 --- [scheduling-1] y.f.r.PlayersDataSavingProcessingService : player from external search, player id 336594 player name Pablo Barrios
2025-08-23 03:57:06.326  INFO 24548 --- [scheduling-1] c.y.f.scores365.ScoresService            : searching player in 365 scores search url https://webws.365scores.com/web/search/?appTypeId=5&query=Raphinha&filter=all
2025-08-23 03:57:06.757  INFO 24548 --- [scheduling-1] y.f.r.PlayersDataSavingProcessingService : player from external search, player id 1496 player name Raphinha
2025-08-23 03:57:06.821  INFO 24548 --- [scheduling-1] c.y.f.scores365.ScoresService            : searching player in 365 scores search url https://webws.365scores.com/web/search/?appTypeId=5&query=Courtois&filter=all
2025-08-23 03:57:07.239  INFO 24548 --- [scheduling-1] y.f.r.PlayersDataSavingProcessingService : player from external search, player id 730 player name T. Courtois
2025-08-23 03:57:07.302  INFO 24548 --- [scheduling-1] c.y.f.scores365.ScoresService            : searching player in 365 scores search url https://webws.365scores.com/web/search/?appTypeId=5&query=Wirtz&filter=all
2025-08-23 03:57:07.798  INFO 24548 --- [scheduling-1] y.f.r.PlayersDataSavingProcessingService : player from external search, player id 203224 player name F. Wirtz
2025-08-23 03:57:07.862  INFO 24548 --- [scheduling-1] c.y.f.scores365.ScoresService            : searching player in 365 scores search url https://webws.365scores.com/web/search/?appTypeId=5&query=Dani Carvajal&filter=all
2025-08-23 03:57:08.199  INFO 24548 --- [scheduling-1] y.f.r.PlayersDataSavingProcessingService : player from external search, player id 733 player name Dani Carvajal
2025-08-23 03:57:08.261  INFO 24548 --- [scheduling-1] c.y.f.scores365.ScoresService            : searching player in 365 scores search url https://webws.365scores.com/web/search/?appTypeId=5&query=Ruggeri&filter=all
2025-08-23 03:57:08.551  INFO 24548 --- [scheduling-1] y.f.r.PlayersDataSavingProcessingService : player from external search, player id 162012 player name M. Ruggeri
2025-08-23 03:57:08.615  INFO 24548 --- [scheduling-1] c.y.f.scores365.ScoresService            : searching player in 365 scores search url https://webws.365scores.com/web/search/?appTypeId=5&query=Gavi&filter=all
2025-08-23 03:57:09.016  INFO 24548 --- [scheduling-1] y.f.r.PlayersDataSavingProcessingService : player from external search, player id 296667 player name Gavi
2025-08-23 03:57:09.080  INFO 24548 --- [scheduling-1] c.y.f.scores365.ScoresService            : searching player in 365 scores search url https://webws.365scores.com/web/search/?appTypeId=5&query=Fran Garcia&filter=all
2025-08-23 03:57:09.482  INFO 24548 --- [scheduling-1] y.f.r.PlayersDataSavingProcessingService : player from external search, player id 736 player name Fran García
2025-08-23 03:57:09.547  INFO 24548 --- [scheduling-1] c.y.f.scores365.ScoresService            : searching player in 365 scores search url https://webws.365scores.com/web/search/?appTypeId=5&query=Kepa&filter=all
2025-08-23 03:57:09.950  INFO 24548 --- [scheduling-1] y.f.r.PlayersDataSavingProcessingService : player from external search, player id 2273 player name Kepa
2025-08-23 03:57:10.029  INFO 24548 --- [scheduling-1] c.y.f.scores365.ScoresService            : searching player in 365 scores search url https://webws.365scores.com/web/search/?appTypeId=5&query=Kvaratskhelia&filter=all
2025-08-23 03:57:10.319  INFO 24548 --- [scheduling-1] y.f.r.PlayersDataSavingProcessingService : player from external search, player id 483 player name K. Kvaratskhelia
2025-08-23 03:57:10.384  INFO 24548 --- [scheduling-1] c.y.f.scores365.ScoresService            : searching player in 365 scores search url https://webws.365scores.com/web/search/?appTypeId=5&query=Ekitike&filter=all
2025-08-23 03:57:10.754  INFO 24548 --- [scheduling-1] y.f.r.PlayersDataSavingProcessingService : player from external search, player id 174565 player name H. Ekitike
2025-08-23 03:57:10.818  INFO 24548 --- [scheduling-1] c.y.f.scores365.ScoresService            : searching player in 365 scores search url https://webws.365scores.com/web/search/?appTypeId=5&query=Franco Mastantuono&filter=all
2025-08-23 03:57:11.082  INFO 24548 --- [scheduling-1] y.f.r.PlayersDataSavingProcessingService : player from external search, player id 449249 player name Franco Mastantuono
2025-08-23 03:57:11.139  INFO 24548 --- [scheduling-1] c.y.f.scores365.ScoresService            : searching player in 365 scores search url https://webws.365scores.com/web/search/?appTypeId=5&query=Brahim Diaz&filter=all
2025-08-23 03:57:11.555  INFO 24548 --- [scheduling-1] y.f.r.PlayersDataSavingProcessingService : player from external search, player id 744 player name Brahim Díaz
2025-08-23 03:57:11.618  INFO 24548 --- [scheduling-1] c.y.f.scores365.ScoresService            : searching player in 365 scores search url https://webws.365scores.com/web/search/?appTypeId=5&query=Kounde&filter=all
2025-08-23 03:57:11.956  INFO 24548 --- [scheduling-1] y.f.r.PlayersDataSavingProcessingService : player from external search, player id 1257 player name J. Koundé
2025-08-23 03:57:12.019  INFO 24548 --- [scheduling-1] c.y.f.scores365.ScoresService            : searching player in 365 scores search url https://webws.365scores.com/web/search/?appTypeId=5&query=Christensen&filter=all
2025-08-23 03:57:12.516  INFO 24548 --- [scheduling-1] y.f.r.PlayersDataSavingProcessingService : player from external search, player id 2282 player name A. Christensen
2025-08-23 03:57:12.579  INFO 24548 --- [scheduling-1] c.y.f.scores365.ScoresService            : searching player in 365 scores search url https://webws.365scores.com/web/search/?appTypeId=5&query=Pedri&filter=all
2025-08-23 03:57:13.000  INFO 24548 --- [scheduling-1] y.f.r.PlayersDataSavingProcessingService : player from external search, player id 133609 player name Pedri
2025-08-23 03:57:13.058  INFO 24548 --- [scheduling-1] c.y.f.scores365.ScoresService            : searching player in 365 scores search url https://webws.365scores.com/web/search/?appTypeId=5&query=Casemiro&filter=all
2025-08-23 03:57:13.571  INFO 24548 --- [scheduling-1] y.f.r.PlayersDataSavingProcessingService : player from external search, player id 747 player name Casemiro
2025-08-23 03:57:13.634  INFO 24548 --- [scheduling-1] c.y.f.scores365.ScoresService            : searching player in 365 scores search url https://webws.365scores.com/web/search/?appTypeId=5&query=Salvador Esquivel&filter=all
2025-08-23 03:57:13.731  INFO 24548 --- [scheduling-1] y.f.r.PlayersDataSavingProcessingService : player not found in external search 393198
2025-08-23 03:57:13.731  INFO 24548 --- [scheduling-1] c.y.f.scores365.ScoresService            : searching player in 365 scores search url https://webws.365scores.com/web/search/?appTypeId=5&query=Dani Ceballos&filter=all
2025-08-23 03:57:14.115  INFO 24548 --- [scheduling-1] y.f.r.PlayersDataSavingProcessingService : player from external search, player id 748 player name Dani Ceballos
2025-08-23 03:57:14.179  INFO 24548 --- [scheduling-1] c.y.f.scores365.ScoresService            : searching player in 365 scores search url https://webws.365scores.com/web/search/?appTypeId=5&query=Pacho&filter=all
2025-08-23 03:57:14.505  INFO 24548 --- [scheduling-1] y.f.r.PlayersDataSavingProcessingService : player from external search, player id 16367 player name W. Pacho
2025-08-23 03:57:14.562  INFO 24548 --- [scheduling-1] c.y.f.scores365.ScoresService            : searching player in 365 scores search url https://webws.365scores.com/web/search/?appTypeId=5&query=Dorgu&filter=all
2025-08-23 03:57:14.864  INFO 24548 --- [scheduling-1] y.f.r.PlayersDataSavingProcessingService : player from external search, player id 382452 player name P. Dorgu
2025-08-23 03:57:14.927  INFO 24548 --- [scheduling-1] c.y.f.scores365.ScoresService            : searching player in 365 scores search url https://webws.365scores.com/web/search/?appTypeId=5&query=Marcos Llorente&filter=all
2025-08-23 03:57:15.120  INFO 24548 --- [scheduling-1] y.f.r.PlayersDataSavingProcessingService : player from external search, player id 753 player name Marcos Llorente
2025-08-23 03:57:15.185  INFO 24548 --- [scheduling-1] c.y.f.scores365.ScoresService            : searching player in 365 scores search url https://webws.365scores.com/web/search/?appTypeId=5&query=Valverde&filter=all
2025-08-23 03:57:15.567  INFO 24548 --- [scheduling-1] y.f.r.PlayersDataSavingProcessingService : player from external search, player id 756 player name F. Valverde
2025-08-23 03:57:15.633  INFO 24548 --- [scheduling-1] c.y.f.scores365.ScoresService            : searching player in 365 scores search url https://webws.365scores.com/web/search/?appTypeId=5&query=Jofre Torrents&filter=all
2025-08-23 03:57:15.713  INFO 24548 --- [scheduling-1] y.f.r.PlayersDataSavingProcessingService : player from external search, player id 491250 player name Jofre Torrents
2025-08-23 03:57:15.776  INFO 24548 --- [scheduling-1] c.y.f.scores365.ScoresService            : searching player in 365 scores search url https://webws.365scores.com/web/search/?appTypeId=5&query=Doue&filter=all
2025-08-23 03:57:16.193  INFO 24548 --- [scheduling-1] y.f.r.PlayersDataSavingProcessingService : player from external search, player id 343027 player name D. Doué
2025-08-23 03:57:16.274  INFO 24548 --- [scheduling-1] c.y.f.scores365.ScoresService            : searching player in 365 scores search url https://webws.365scores.com/web/search/?appTypeId=5&query=Gakpo&filter=all
2025-08-23 03:57:16.579  INFO 24548 --- [scheduling-1] y.f.r.PlayersDataSavingProcessingService : player from external search, player id 247 player name C. Gakpo
2025-08-23 03:57:16.643  INFO 24548 --- [scheduling-1] c.y.f.scores365.ScoresService            : searching player in 365 scores search url https://webws.365scores.com/web/search/?appTypeId=5&query=White&filter=all
2025-08-23 03:57:17.328  INFO 24548 --- [scheduling-1] y.f.r.PlayersDataSavingProcessingService : player from external search, player id 19959 player name B. White
2025-08-23 03:57:17.391  INFO 24548 --- [scheduling-1] c.y.f.scores365.ScoresService            : searching player in 365 scores search url https://webws.365scores.com/web/search/?appTypeId=5&query=Tchouameni&filter=all
2025-08-23 03:57:17.714  INFO 24548 --- [scheduling-1] y.f.r.PlayersDataSavingProcessingService : player from external search, player id 1271 player name A. Tchouaméni
2025-08-23 03:57:17.771  INFO 24548 --- [scheduling-1] c.y.f.scores365.ScoresService            : searching player in 365 scores search url https://webws.365scores.com/web/search/?appTypeId=5&query=Alaba&filter=all
2025-08-23 03:57:18.115  INFO 24548 --- [scheduling-1] y.f.r.PlayersDataSavingProcessingService : player from external search, player id 505 player name D. Alaba
2025-08-23 03:57:18.172  INFO 24548 --- [scheduling-1] c.y.f.scores365.ScoresService            : searching player in 365 scores search url https://webws.365scores.com/web/search/?appTypeId=5&query=Vinicius Junior&filter=all
2025-08-23 03:57:18.606  INFO 24548 --- [scheduling-1] y.f.r.PlayersDataSavingProcessingService : player from external search, player id 762 player name Vinícius Júnior
2025-08-23 03:57:18.670  INFO 24548 --- [scheduling-1] c.y.f.rapidapi.PlayersDataSavingService  : saving players in database from main hashmap
2025-08-23 03:57:18.670  INFO 24548 --- [scheduling-1] c.y.f.p.PlayerLeagueStatsService         : saving players league stats
2025-08-23 03:57:32.132  INFO 24548 --- [http-nio-8083-exec-4] o.a.c.c.C.[Tomcat].[localhost].[/]       : Initializing Spring DispatcherServlet 'dispatcherServlet'
2025-08-23 03:57:32.132  INFO 24548 --- [http-nio-8083-exec-4] o.s.web.servlet.DispatcherServlet        : Initializing Servlet 'dispatcherServlet'
2025-08-23 03:57:32.132  INFO 24548 --- [http-nio-8083-exec-4] o.s.web.servlet.DispatcherServlet        : Completed initialization in 0 ms
2025-08-23 03:58:13.615  INFO 24548 --- [http-nio-8083-exec-8] c.y.f.scores365.ScoresController         : getting player details from scores, player id 10329 scores id 9662
2025-08-23 03:58:13.615  INFO 24548 --- [http-nio-8083-exec-8] c.y.f.player.PlayerService               : getting player details player id 10329 sofascore id 9662
2025-08-23 03:58:13.623  INFO 24548 --- [http-nio-8083-exec-8] c.y.f.player.PlayerService               : player found in database, player id 10329
2025-08-23 03:58:13.627  INFO 24548 --- [http-nio-8083-exec-8] c.y.f.player.PlayerService               : Player details not updated in database, retrieving from external service by id 9662
2025-08-23 03:58:13.627  INFO 24548 --- [http-nio-8083-exec-8] c.y.f.scores365.ScoresService            : getting player league stats from 365 scores url https://webws.365scores.com/web/athletes/?appTypeId=5&athletes=9662&fullDetails=true
2025-08-23 03:58:14.779  INFO 24548 --- [http-nio-8083-exec-8] c.y.f.player.PlayerService               : updating player data in database player id 10329
2025-08-23 03:58:14.779  INFO 24548 --- [http-nio-8083-exec-8] c.y.f.p.PlayerLeagueStatsService         : saving player league stats
2025-08-23 03:58:14.783  INFO 24548 --- [http-nio-8083-exec-8] c.y.f.player.PlayerService               : updating player updated by flag to sofascore, player id 10329
2025-08-23 03:58:14.912  INFO 24548 --- [http-nio-8083-exec-8] c.y.f.player.PlayerService               : player data updated in database player id 10329
2025-08-23 03:58:14.912  INFO 24548 --- [http-nio-8083-exec-8] c.y.f.player.PlayerService               : Updated player stats from external service - sofascoreId: 9662
